,dcc_mean_pairwise_corr
2008-01-03,0.338594959290632
2008-01-04,0.33177051013742903
2008-01-07,0.30856551183451764
2008-01-08,0.3124576465421908
2008-01-09,0.2809022727924411
2008-01-10,0.2787325227247036
2008-01-11,0.27730270590194517
2008-01-14,0.2940761893032559
2008-01-15,0.29282567288106165
2008-01-16,0.3005453553005874
2008-01-17,0.2976735104702134
2008-01-18,0.29453197375620854
2008-01-21,0.2895414836546456
2008-01-22,0.29935238235803807
2008-01-23,0.3027354264816637
2008-01-24,0.3107934963774877
2008-01-25,0.31126283709969654
2008-01-28,0.3057483999500382
2008-01-29,0.3118073804554262
2008-01-30,0.3061525301443428
2008-01-31,0.3123954406012787
2008-02-01,0.30703426444445603
2008-02-04,0.28647024288381606
2008-02-05,0.2052814038919232
2008-02-06,0.23946781196235206
2008-02-07,0.24455355264000483
2008-02-08,0.24718494098407112
2008-02-11,0.24239557104841564
2008-02-12,0.23863552397353355
2008-02-13,0.23124997184395885
2008-02-14,0.22461717602639286
2008-02-15,0.23229891738652916
2008-02-18,0.2268475309656038
2008-02-19,0.22910251008574872
2008-02-20,0.2333097516844087
2008-02-21,0.22718648147810558
2008-02-22,0.23167704085845955
2008-02-25,0.23776964284991814
2008-02-26,0.24040052680923374
2008-02-27,0.24596332617548536
2008-02-28,0.2504176753121067
2008-02-29,0.2496760822057021
2008-03-03,0.2479924980189379
2008-03-04,0.24256653211814996
2008-03-05,0.24277157192982787
2008-03-06,0.24147986842743788
2008-03-07,0.25504877389231134
2008-03-10,0.2579563649936462
2008-03-11,0.2591331032292329
2008-03-12,0.24323740863097304
2008-03-13,0.24661089759740343
2008-03-14,0.2434055711966577
2008-03-17,0.24879422962486206
2008-03-18,0.24833605688533353
2008-03-20,0.24969793630685225
2008-03-25,0.26832973913380814
2008-03-26,0.2620643874014153
2008-03-27,0.24881003778115432
2008-03-28,0.25188855917308145
2008-03-31,0.2679840138717874
2008-04-01,0.24308050185698066
2008-04-02,0.22163768809480588
2008-04-03,0.2253403414070357
2008-04-04,0.23796540951073214
2008-04-07,0.23475296556724673
2008-04-08,0.23913580266218037
2008-04-09,0.24517064931517146
2008-04-10,0.2298757859314488
2008-04-11,0.23600801639746943
2008-04-14,0.22789186268191167
2008-04-15,0.239673242733038
2008-04-16,0.2477378786239955
2008-04-17,0.2574948393913624
2008-04-18,0.2613788992973124
2008-04-21,0.253972031172829
2008-04-22,0.2550208975274014
2008-04-23,0.2598056001056399
2008-04-24,0.26395937164610056
2008-04-25,0.26638481533624814
2008-04-28,0.25223074348315855
2008-04-29,0.24943228516935134
2008-04-30,0.2454270402336885
2008-05-02,0.2555348576142741
2008-05-05,0.2458667396665329
2008-05-06,0.20635737823980138
2008-05-07,0.2888446291174322
2008-05-08,0.33630109925310714
2008-05-09,0.3342558156666975
2008-05-12,0.33365992371119296
2008-05-13,0.3332517265471121
2008-05-14,0.3222493453396183
2008-05-15,0.3210824192270694
2008-05-16,0.32321519559570094
2008-05-19,0.32295877635304127
2008-05-20,0.34263676421100014
2008-05-21,0.3425518004234629
2008-05-22,0.3425737672513085
2008-05-23,0.33493906989677863
2008-05-26,0.32391210346321025
2008-05-27,0.32309522199596696
2008-05-28,0.32489507989671385
2008-05-30,0.338792146396515
2008-06-02,0.34985856001591237
2008-06-03,0.3318118057650251
2008-06-04,0.3346018449495656
2008-06-05,0.357761540298999
2008-06-06,0.3535921629645685
2008-06-09,0.36826776349942325
2008-06-10,0.3663597190656894
2008-06-11,0.32029103508855367
2008-06-12,0.3435786602982277
2008-06-13,0.34615149408532353
2008-06-16,0.34563233691840767
2008-06-17,0.3910759580843603
2008-06-18,0.3514348547396974
2008-06-19,0.3541838115973359
2008-06-20,0.34786741766918894
2008-06-23,0.32767590087520465
2008-06-24,0.31590634580330984
2008-06-25,0.3168438712839746
2008-06-26,0.3130881720776982
2008-06-27,0.3190293384143564
2008-06-30,0.32123386357595385
2008-07-01,0.34630014677951876
2008-07-02,0.35207799649605526
2008-07-03,0.35049964966719216
2008-07-04,0.34225409376986204
2008-07-07,0.3383361760510931
2008-07-08,0.33354659919337637
2008-07-09,0.33599318140736845
2008-07-10,0.3228303115451494
2008-07-11,0.3236023158299055
2008-07-14,0.2863739115975591
2008-07-15,0.28175237195086245
2008-07-16,0.29247125623645776
2008-07-17,0.31342458716162236
2008-07-18,0.31251806394410037
2008-07-21,0.31188187275815765
2008-07-22,0.28497539565349933
2008-07-23,0.2774561372919237
2008-07-24,0.28974310809865755
2008-07-25,0.2743827169280756
2008-07-28,0.26572216208853466
2008-07-29,0.2745789337624457
2008-07-30,0.27998561945739214
2008-07-31,0.2853651829489802
2008-08-01,0.28508580255075167
2008-08-04,0.29062328870159904
2008-08-05,0.2864170500304863
2008-08-06,0.27708423339312904
2008-08-07,0.28964112357980554
2008-08-08,0.29158689992628
2008-08-11,0.30505294281841533
2008-08-12,0.29643460962838863
2008-08-13,0.29547222210028884
2008-08-14,0.3055329721590603
2008-08-15,0.3076150894661881
2008-08-18,0.30234969333034184
2008-08-19,0.32943169997601596
2008-08-20,0.28796162217400506
2008-08-21,0.30874920029053754
2008-08-22,0.316597227726146
2008-08-25,0.31251763177031383
2008-08-26,0.3265478553277005
2008-08-27,0.3249685261847036
2008-08-28,0.37586475965296395
2008-08-29,0.4125815958468606
2008-09-01,0.4364568380718737
2008-09-02,0.441678809419453
2008-09-03,0.4306899229377003
2008-09-04,0.42675982209379787
2008-09-05,0.4234507715192419
2008-09-08,0.42095468136428205
2008-09-09,0.41941343804461556
2008-09-10,0.41888466601195995
2008-09-11,0.4194200493448312
2008-09-12,0.42095897603623256
2008-09-15,0.42290011499316876
2008-09-16,0.4256102217273504
2008-09-17,0.4286667476028992
2008-09-18,0.43213211744052166
2008-09-19,0.4355002336700803
2008-09-22,0.43895571559450763
2008-09-23,0.39903132651366235
2008-09-24,0.4036360450201132
2008-09-25,0.39798066982407343
2008-09-26,0.40397254088504814
2008-10-02,0.40997514321213446
2008-10-03,0.4155927935368455
2008-10-06,0.42112296862733156
2008-10-07,0.42597361118225335
2008-10-08,0.430554433755648
2008-10-09,0.4350386306660859
2008-10-10,0.4392471246833434
2008-10-13,0.4426814996027007
2008-10-14,0.44565484487495344
2008-10-15,0.44852115458732456
2008-10-16,0.45138192507793057
2008-10-17,0.4541993972819599
2008-10-20,0.4564164299850596
2008-10-21,0.4584223097023852
2008-10-22,0.4604830252498501
2008-10-23,0.46242659096164596
2008-10-24,0.4639679386833646
2008-10-27,0.3933503698119319
2008-10-28,0.3969638465689213
2008-10-29,0.5635918976291301
2008-10-30,0.5844434659110963
2008-10-31,0.5933110883993681
2008-11-03,0.5978888301074587
2008-11-04,0.6003381364600671
2008-11-05,0.5893208983273593
2008-11-06,0.5496724148164971
2008-11-07,0.5382182805295621
2008-11-10,0.5334136684207901
2008-11-11,0.5385385239690486
2008-11-12,0.5439491176352157
2008-11-13,0.5439809249803143
2008-11-14,0.5434980081353762
2008-11-17,0.540662684344613
2008-11-18,0.5369802905886758
2008-11-19,0.5252169394799738
2008-11-20,0.5418371514021934
2008-11-21,0.5520311473584438
2008-11-24,0.537357706125295
2008-11-25,0.5138570474491092
2008-11-26,0.4895597483699466
2008-11-27,0.4785168305072907
2008-11-28,0.4617769966345076
2008-12-01,0.43684740231480956
2008-12-02,0.45766077515606207
2008-12-03,0.4399394034815659
2008-12-04,0.4273079013936223
2008-12-05,0.4242070259986702
2008-12-10,0.40355797781686514
2008-12-11,0.4367562564357703
2008-12-12,0.4495870289992362
2008-12-15,0.4525229370971767
2008-12-16,0.4639779969559571
2008-12-17,0.42578718318542447
2008-12-18,0.4141978758616057
2008-12-19,0.4196478481811784
2008-12-22,0.4075707784978926
2008-12-23,0.41546153391138424
2008-12-24,0.39022366526581836
2008-12-29,0.39254339867938093
2008-12-30,0.39536013434656414
2008-12-31,0.38094092447438344
2009-01-02,0.3621060168006315
2009-01-05,0.34688085354244
2009-01-06,0.36496523469828634
2009-01-07,0.4049797309594624
2009-01-08,0.4291643236783633
2009-01-09,0.4018376579727801
2009-01-12,0.43047633460495616
2009-01-13,0.4096712020652794
2009-01-14,0.39515405604175946
2009-01-15,0.41709968468469416
2009-01-16,0.41733864442587015
2009-01-19,0.4129774688391151
2009-01-20,0.4114231340717227
2009-01-21,0.40815571509109605
2009-01-22,0.4407092944603869
2009-01-23,0.46803528118556664
2009-01-26,0.48603873486663796
2009-01-27,0.4988267287329151
2009-01-28,0.5094344876056297
2009-01-29,0.5054165475516118
2009-01-30,0.5055039316585178
2009-02-02,0.46615165214664794
2009-02-03,0.4492899853990188
2009-02-04,0.44819270181970483
2009-02-05,0.4496699906998205
2009-02-06,0.4676333463476574
2009-02-09,0.4815523952226323
2009-02-10,0.45468412866259966
2009-02-11,0.4336140883046376
2009-02-12,0.40859320207965466
2009-02-13,0.39052450839335984
2009-02-16,0.37972117251773063
2009-02-17,0.36457327462499123
2009-02-18,0.3587487602396468
2009-02-19,0.35104660074721306
2009-02-20,0.3365648227656635
2009-02-23,0.3187372758541577
2009-02-24,0.308207449817956
2009-02-25,0.3114539675637408
2009-02-26,0.38275874483243166
2009-02-27,0.381840939183696
2009-03-02,0.3797483482501617
2009-03-03,0.4232229970711945
2009-03-04,0.45326001340600797
2009-03-05,0.4293784762514566
2009-03-06,0.41363092277945485
2009-03-10,0.40581360356079815
2009-03-11,0.3982673870819397
2009-03-12,0.36932857003717856
2009-03-13,0.3417263846319411
2009-03-16,0.3300803256664372
2009-03-17,0.3201567038366888
2009-03-18,0.31358658475825346
2009-03-19,0.2964701025250359
2009-03-20,0.30404625252603273
2009-03-23,0.3033934622102244
2009-03-24,0.2974491638342867
2009-03-25,0.2858195881466477
2009-03-26,0.2795737471690537
2009-03-27,0.2586650071162489
2009-03-30,0.25045176273072906
2009-03-31,0.24547082999640554
2009-04-01,0.23742520318708743
2009-04-02,0.22951252904665723
2009-04-03,0.233307013519587
2009-04-06,0.23565438718783388
2009-04-07,0.22891930114920384
2009-04-08,0.23005061414498984
2009-04-09,0.2431945055921229
2009-04-14,0.22750300650773259
2009-04-15,0.23003753554391668
2009-04-16,0.22554631287447613
2009-04-17,0.2278475836319668
2009-04-20,0.2327444871806378
2009-04-21,0.22211830126995694
2009-04-22,0.21786367454980785
2009-04-23,0.3047898118939488
2009-04-24,0.3675088115393795
2009-04-27,0.35681656619640095
2009-04-28,0.34907990187230276
2009-04-29,0.33292702304596417
2009-04-30,0.3200870165171875
2009-05-04,0.30846390404712737
2009-05-05,0.2955783268560085
2009-05-06,0.30124626143152594
2009-05-07,0.27248443573303394
2009-05-08,0.2949953253989749
2009-05-11,0.3364508541689334
2009-05-12,0.3652836808167523
2009-05-13,0.38876736028440195
2009-05-14,0.40855303763458134
2009-05-15,0.39662525309311325
2009-05-18,0.378395475845696
2009-05-19,0.35974581568391867
2009-05-20,0.3835878716507944
2009-05-21,0.40439346981482627
2009-05-22,0.4168755249171152
2009-05-25,0.4082495744673196
2009-05-26,0.40294173844123715
2009-05-27,0.41249844892480975
2009-05-28,0.43246352086489415
2009-06-01,0.4552760953826048
2009-06-02,0.47234593964466176
2009-06-03,0.4476261301375068
2009-06-04,0.4684065133588698
2009-06-05,0.4825259820875911
2009-06-08,0.44764825182976614
2009-06-09,0.42970896077837073
2009-06-10,0.4216473572744718
2009-06-11,0.41646023601027593
2009-06-12,0.4018157208336401
2009-06-15,0.3942970339927454
2009-06-16,0.4057596778051983
2009-06-17,0.3823618350404844
2009-06-18,0.39411227681759814
2009-06-19,0.3982913388651735
2009-06-22,0.3931481425805054
2009-06-23,0.3453482024564183
2009-06-24,0.3565466759536915
2009-06-25,0.3986305753332332
2009-06-26,0.43330238718313235
2009-06-29,0.4101322171323213
2009-06-30,0.4336044187719434
2009-07-01,0.4528864018486612
2009-07-02,0.4264016516331214
2009-07-03,0.40686856678086675
2009-07-06,0.39299645722698545
2009-07-07,0.3960351967694168
2009-07-08,0.43115853284218086
2009-07-09,0.4168951656224156
2009-07-10,0.4059883618608378
2009-07-13,0.41537484798817836
2009-07-14,0.37646541881906204
2009-07-15,0.35284039502106596
2009-07-16,0.3780272511299483
2009-07-17,0.3925179544043621
2009-07-20,0.3976835600477572
2009-07-21,0.4100880324836821
2009-07-22,0.3899241911504655
2009-07-23,0.37282513886763147
2009-07-24,0.4008422866609667
2009-07-27,0.4061172205103885
2009-07-28,0.3906169607082866
2009-07-29,0.4023917485310452
2009-07-30,0.38456828112197455
2009-07-31,0.37516550022761874
2009-08-03,0.37038704756314755
2009-08-04,0.37025991336675085
2009-08-05,0.36615278564157216
2009-08-06,0.388022291408378
2009-08-07,0.3570747475947728
2009-08-10,0.35308770260260297
2009-08-11,0.3500705373524123
2009-08-12,0.34636531305307033
2009-08-13,0.34664667871887034
2009-08-14,0.34723544029884257
2009-08-17,0.34832259958535355
2009-08-18,0.43127664866058
2009-08-19,0.4470105852930093
2009-08-20,0.4703688445565325
2009-08-21,0.47615050305574425
2009-08-24,0.45064364030043735
2009-08-25,0.45728429921583896
2009-08-26,0.47325532923189473
2009-08-27,0.48646654972787096
2009-08-28,0.48340801071142503
2009-08-31,0.47130481596318197
2009-09-01,0.4490627305776817
2009-09-02,0.430832398050727
2009-09-03,0.42205136563486156
2009-09-04,0.42075944731911114
2009-09-07,0.42361469490950376
2009-09-08,0.4218746372532195
2009-09-09,0.4124541046157112
2009-09-10,0.39190298804459045
2009-09-11,0.3957966995797725
2009-09-14,0.37752250970026335
2009-09-15,0.37366956867744794
2009-09-16,0.35261470702206366
2009-09-17,0.35776975445206977
2009-09-18,0.3782773133826252
2009-09-23,0.3857883635887568
2009-09-24,0.36566954550927255
2009-09-25,0.38970834106557345
2009-09-28,0.36261595756005827
2009-09-29,0.351201383992972
2009-09-30,0.334954557165812
2009-10-02,0.3313607564789124
2009-10-05,0.37164545105394636
2009-10-06,0.4024632617515458
2009-10-07,0.37376575448909505
2009-10-08,0.3656475973940573
2009-10-09,0.35938152836130577
2009-10-12,0.35549438851851445
2009-10-13,0.3427671733628105
2009-10-14,0.3449039009993397
2009-10-15,0.3593662776560955
2009-10-16,0.3640816692372969
2009-10-19,0.3640695342292335
2009-10-20,0.34710721263030886
2009-10-21,0.35038307359089416
2009-10-22,0.35514990812662334
2009-10-23,0.3286902282381249
2009-10-26,0.3274456182414121
2009-10-27,0.3235084584485769
2009-10-28,0.3053811016964218
2009-10-29,0.2907753036259432
2009-10-30,0.2907505727523564
2009-11-02,0.28591685537691036
2009-11-03,0.2856091507802441
2009-11-04,0.3574149183320562
2009-11-05,0.3410707521519612
2009-11-06,0.345871176811657
2009-11-09,0.349090528101258
2009-11-10,0.34460759369976773
2009-11-11,0.33400961584886923
2009-11-12,0.32866798904665045
2009-11-13,0.3256780713927016
2009-11-16,0.3126201513214194
2009-11-17,0.31862857657813703
2009-11-18,0.3019993640687993
2009-11-19,0.29198616676793704
2009-11-20,0.27040911757965536
2009-11-23,0.271978399183194
2009-11-24,0.2704794470036009
2009-11-25,0.2760927768729574
2009-11-30,0.2892603400027475
2009-12-01,0.28640068327269735
2009-12-02,0.2769148688388802
2009-12-03,0.2930293993912505
2009-12-04,0.2954454816626802
2009-12-07,0.3384600046154424
2009-12-08,0.3158211016162957
2009-12-09,0.3341387593713323
2009-12-10,0.32878235944396134
2009-12-11,0.3290531243012912
2009-12-14,0.32404014950012916
2009-12-15,0.3065806538487066
2009-12-16,0.3073970097035687
2009-12-17,0.3054792761890483
2009-12-18,0.3103154694490299
2009-12-21,0.3107856489297133
2009-12-22,0.3016849350721385
2009-12-23,0.24751988083841486
2009-12-28,0.24892814402873445
2009-12-29,0.2436138138238732
2009-12-30,0.24686637284507346
2009-12-31,0.24950067292382946
2010-01-04,0.2604450086641853
2010-01-05,0.2624590611276538
2010-01-06,0.2704511110814405
2010-01-07,0.27849878284656293
2010-01-08,0.2933231684507251
2010-01-11,0.28872102236439784
2010-01-12,0.29055128901139327
2010-01-13,0.28935550033296387
2010-01-14,0.29753256196480693
2010-01-15,0.28716414468846435
2010-01-18,0.28403173697313344
2010-01-19,0.2880069742461712
2010-01-20,0.2891272169451186
2010-01-21,0.27032314910004446
2010-01-22,0.26200525956004916
2010-01-25,0.26416709557998547
2010-01-26,0.28152848142403536
2010-01-27,0.2920892015226696
2010-01-28,0.29457192219000045
2010-01-29,0.31843218800209955
2010-02-01,0.31482916787663057
2010-02-02,0.33706194483158747
2010-02-03,0.34465731515025855
2010-02-04,0.3855730317617043
2010-02-05,0.37096355692834704
2010-02-08,0.40009261773804905
2010-02-09,0.4015680063780348
2010-02-10,0.40062345553732454
2010-02-11,0.38193270930107487
2010-02-12,0.36640097634889895
2010-02-15,0.3601512629768336
2010-02-16,0.35525050052726337
2010-02-17,0.35022771001597447
2010-02-18,0.347521881661487
2010-02-19,0.3352588878056797
2010-02-22,0.3321607387272648
2010-02-23,0.32194607529457697
2010-02-24,0.318212912953881
2010-02-25,0.31023158662693584
2010-03-01,0.3060240076106556
2010-03-02,0.31295996237374213
2010-03-03,0.3074240592540166
2010-03-04,0.30067595534538427
2010-03-05,0.312688358491055
2010-03-08,0.31427571339860094
2010-03-09,0.318789279884201
2010-03-10,0.3259041952747622
2010-03-11,0.3043599907628267
2010-03-12,0.2933824708380069
2010-03-15,0.34823870628602194
2010-03-16,0.32254631576893916
2010-03-17,0.3232644008192011
2010-03-18,0.3068782086950438
2010-03-19,0.3021080445973552
2010-03-22,0.31353624594891005
2010-03-23,0.3095559872705934
2010-03-24,0.31257245763595354
2010-03-25,0.315626437952513
2010-03-26,0.31243285622868155
2010-03-29,0.3136343659101673
2010-03-30,0.3302076522977395
2010-03-31,0.38365059742094376
2010-04-01,0.36299602387718133
2010-04-06,0.341814967138788
2010-04-07,0.3405756246874166
2010-04-08,0.31700134643917444
2010-04-09,0.30447653611318676
2010-04-12,0.2969390109979727
2010-04-13,0.2859998157301698
2010-04-14,0.3058340033876852
2010-04-15,0.27909842533990786
2010-04-16,0.2755513277245301
2010-04-19,0.30666176454870636
2010-04-20,0.3068405307497267
2010-04-21,0.32580904834239666
2010-04-22,0.3146006420381635
2010-04-23,0.29129571165053736
2010-04-26,0.28005193008602197
2010-04-27,0.2944662077557288
2010-04-28,0.30768592451551935
2010-04-29,0.30748980490954275
2010-04-30,0.2892911667469704
2010-05-04,0.30545887191375753
2010-05-05,0.2835374401874288
2010-05-07,0.27302436906212924
2010-05-10,0.27743493021053905
2010-05-11,0.27633649850328085
2010-05-12,0.2667283287804407
2010-05-13,0.2571854747495266
2010-05-14,0.25113364654561005
2010-05-17,0.25219125962860484
2010-05-18,0.2504892820091847
2010-05-19,0.24179373961172654
2010-05-20,0.24791836452273577
2010-05-21,0.25090097160024916
2010-05-24,0.2785454961111709
2010-05-25,0.3051348013513583
2010-05-26,0.31625657738295
2010-05-27,0.3213569622845382
2010-05-28,0.3154212128469679
2010-06-01,0.31949735781609145
2010-06-02,0.318029495351645
2010-06-03,0.3187677927246101
2010-06-04,0.3174974900335856
2010-06-07,0.3050853984794159
2010-06-08,0.33955800606337155
2010-06-09,0.355396903456901
2010-06-10,0.34359599846909405
2010-06-11,0.34020686868979233
2010-06-14,0.3414729960654553
2010-06-15,0.3352190001850108
2010-06-16,0.3372337259099375
2010-06-17,0.3462492735800513
2010-06-18,0.3246821897417533
2010-06-21,0.3141292216823485
2010-06-22,0.3107078137099816
2010-06-23,0.3129641654833609
2010-06-24,0.29812992665431537
2010-06-25,0.2957863207100967
2010-06-28,0.2920991364405115
2010-06-29,0.28110774498344515
2010-06-30,0.27893786164766254
2010-07-01,0.2800805806253887
2010-07-02,0.28116945206476596
2010-07-05,0.2839030824108038
2010-07-06,0.27893586092410505
2010-07-07,0.2822360691207155
2010-07-08,0.2716717215368917
2010-07-09,0.28909481083184596
2010-07-12,0.29621640829218937
2010-07-13,0.2993928618074958
2010-07-14,0.30237259346383294
2010-07-15,0.2986226759051357
2010-07-16,0.2922178879600915
2010-07-19,0.2945156453742399
2010-07-20,0.2793587484833887
2010-07-21,0.24281062861307695
2010-07-22,0.2478649122566267
2010-07-23,0.2414909526276336
2010-07-26,0.27040198646756153
2010-07-27,0.2811066519890712
2010-07-28,0.2799988345195613
2010-07-29,0.2819784227616312
2010-07-30,0.29595873904510733
2010-08-02,0.28632787865128
2010-08-03,0.29789952212690884
2010-08-04,0.27906795807932633
2010-08-05,0.30040326444804866
2010-08-06,0.3018039988126963
2010-08-09,0.30316279918301114
2010-08-10,0.30800980144386003
2010-08-11,0.27456266905348947
2010-08-12,0.2859869182871636
2010-08-13,0.2883807422646333
2010-08-16,0.2903954513127326
2010-08-17,0.2991921961853013
2010-08-18,0.29777237666492457
2010-08-19,0.302932696955067
2010-08-20,0.29388312828419955
2010-08-23,0.29717467031025846
2010-08-24,0.29701418669577756
2010-08-25,0.36038008679296285
2010-08-26,0.3139923053235429
2010-08-27,0.31125331057058475
2010-08-30,0.3147866088302482
2010-08-31,0.3094900081780444
2010-09-01,0.30713575058842546
2010-09-02,0.30108050890181814
2010-09-03,0.3029099758528767
2010-09-06,0.2909067846140996
2010-09-07,0.28919402366973423
2010-09-08,0.2773351960076461
2010-09-13,0.2815422657570263
2010-09-14,0.27892497975354563
2010-09-15,0.28776278278273393
2010-09-16,0.27381189310146753
2010-09-17,0.27195896564566696
2010-09-20,0.26851420852222996
2010-09-21,0.2630662234555269
2010-09-22,0.2652722968787682
2010-09-23,0.26141780702106665
2010-09-24,0.2403315050526757
2010-09-27,0.2430036252874789
2010-09-28,0.239238518844493
2010-09-29,0.2451796738492063
2010-09-30,0.2418189846094574
2010-10-04,0.27656147759195643
2010-10-05,0.3742769296487384
2010-10-06,0.3941369598928148
2010-10-07,0.37841052845850454
2010-10-08,0.38478432006110747
2010-10-11,0.3761667862802579
2010-10-12,0.3862169618208197
2010-10-13,0.3801313585013709
2010-10-14,0.36891108827389435
2010-10-15,0.3651309834143407
2010-10-18,0.36686276239235366
2010-10-19,0.37762664010409025
2010-10-20,0.3608883420943648
2010-10-21,0.3654281603134951
2010-10-22,0.37626856802431846
2010-10-25,0.39911513628427275
2010-10-26,0.39460426388006126
2010-10-27,0.38078786243877616
2010-10-28,0.36613841564049465
2010-10-29,0.3568969566169585
2010-11-01,0.34340633219310684
2010-11-02,0.32145056455741267
2010-11-03,0.3215142512251054
2010-11-04,0.32183548461291595
2010-11-05,0.32001011067160123
2010-11-08,0.3140774012028663
2010-11-09,0.2819106058862274
2010-11-10,0.3367105671075327
2010-11-11,0.34728953326456524
2010-11-12,0.35134818363886283
2010-11-15,0.3566649424506888
2010-11-18,0.35545303098379166
2010-11-19,0.35351148626918416
2010-11-22,0.3524907793297863
2010-11-23,0.3498554244403385
2010-11-24,0.3749456071793794
2010-11-25,0.3884900830102861
2010-11-26,0.3791237202783373
2010-11-29,0.36883837588401064
2010-11-30,0.36576488201245194
2010-12-01,0.3423141528253667
2010-12-02,0.35819098220343515
2010-12-03,0.3566772645381091
2010-12-06,0.35184598314191556
2010-12-07,0.33339937741821285
2010-12-08,0.3185354348670363
2010-12-09,0.31877301906264355
2010-12-10,0.3109686488966667
2010-12-13,0.3014163498300352
2010-12-14,0.2899814996788244
2010-12-15,0.2885078008736143
2010-12-16,0.29762170977752167
2010-12-17,0.29082172376010834
2010-12-20,0.29838672479276235
2010-12-21,0.3020174642078174
2010-12-22,0.2994596560843757
2010-12-23,0.3030354405988903
2010-12-24,0.2982905487354991
2010-12-29,0.29081605348540707
2010-12-30,0.29355708485463994
2010-12-31,0.28391450390680867
2011-01-04,0.2863227384633021
2011-01-05,0.3975399441450337
2011-01-06,0.4711990033003227
2011-01-07,0.4762438616402152
2011-01-10,0.47786388429859417
2011-01-11,0.46817186831833835
2011-01-12,0.46170060619318176
2011-01-13,0.4634160393719993
2011-01-14,0.4547882537580499
2011-01-17,0.4408011022282814
2011-01-18,0.43440605943388866
2011-01-19,0.4163023064999528
2011-01-20,0.41791948654432376
2011-01-21,0.408086069205177
2011-01-24,0.39763738303362217
2011-01-25,0.3901122363839181
2011-01-26,0.37049097131534003
2011-01-27,0.3563116043097903
2011-01-28,0.36814670951630263
2011-01-31,0.36386907390769296
2011-02-01,0.40979529032746864
2011-02-02,0.38094354537213687
2011-02-03,0.38203784036521327
2011-02-04,0.3797748459805401
2011-02-07,0.3745194062502993
2011-02-08,0.37096234243741255
2011-02-09,0.33544361326436595
2011-02-10,0.3160521053600517
2011-02-11,0.3163522536021758
2011-02-14,0.3167198352730403
2011-02-16,0.2783050304666966
2011-02-17,0.2753007472262162
2011-02-18,0.28998273957866616
2011-02-21,0.2917281901270453
2011-02-22,0.29468900026688044
2011-02-23,0.2965480914660453
2011-02-24,0.28976480354906736
2011-02-25,0.37084476831688973
2011-02-28,0.34680453592450566
2011-03-01,0.3372107843000066
2011-03-02,0.33720401275680745
2011-03-03,0.3400203285349037
2011-03-04,0.3297272149526476
2011-03-07,0.32859763614566456
2011-03-08,0.3062542658053086
2011-03-09,0.31935684368721595
2011-03-10,0.3184358051769401
2011-03-11,0.33323649844711856
2011-03-14,0.3183373535178249
2011-03-15,0.3459312764862229
2011-03-16,0.35808228551261967
2011-03-17,0.3439622638018661
2011-03-18,0.3614553211594787
2011-03-21,0.35328813167469936
2011-03-22,0.3541827245674135
2011-03-23,0.40214236950079735
2011-03-24,0.3983202562493685
2011-03-25,0.3972125409056109
2011-03-28,0.4080199733433333
2011-03-29,0.3998369545162895
2011-03-30,0.39311023910781573
2011-03-31,0.38171814964058937
2011-04-01,0.37664440242433334
2011-04-04,0.36631697499194116
2011-04-05,0.3547377549426193
2011-04-06,0.3469951103998158
2011-04-07,0.34296799553021007
2011-04-08,0.28659474889094944
2011-04-11,0.27874212499185785
2011-04-12,0.2813386880489867
2011-04-13,0.28319459583990414
2011-04-14,0.3178819824836846
2011-04-15,0.3030585144054008
2011-04-18,0.30264416912442044
2011-04-19,0.29466499648201544
2011-04-20,0.2962521715418755
2011-04-21,0.284859400281368
2011-04-27,0.2738020288986194
2011-04-28,0.25044404818838684
2011-04-29,0.24307809186433654
2011-05-03,0.24223006912860026
2011-05-04,0.25007045496043184
2011-05-05,0.26272868111834724
2011-05-06,0.2681520516280559
2011-05-09,0.2594884255838549
2011-05-10,0.23837730596331444
2011-05-11,0.2535720814391976
2011-05-12,0.25555366746663993
2011-05-13,0.2610263422705499
2011-05-16,0.2613715417751604
2011-05-17,0.26590123422502077
2011-05-18,0.25057469311778335
2011-05-19,0.2672367712395454
2011-05-20,0.2693215075412138
2011-05-23,0.27516858528482036
2011-05-24,0.2792274772189365
2011-05-25,0.2739105157234256
2011-05-26,0.29604784933915484
2011-05-27,0.29696175527817303
2011-05-31,0.289017584706676
2011-06-01,0.2884570981247279
2011-06-02,0.28920777892838245
2011-06-03,0.29338719946615266
2011-06-06,0.2951848295533219
2011-06-07,0.2992451164216866
2011-06-08,0.3059599384960359
2011-06-09,0.29771357293197137
2011-06-10,0.2930842832310453
2011-06-13,0.29685189027568215
2011-06-14,0.2976726750438011
2011-06-15,0.3039158090443914
2011-06-16,0.25824976148666073
2011-06-17,0.2584717372554845
2011-06-20,0.2451573476318397
2011-06-21,0.2582593376555941
2011-06-22,0.32421761327109594
2011-06-23,0.3425106214383103
2011-06-24,0.34319964165766353
2011-06-27,0.33997756339682983
2011-06-28,0.34911987546234863
2011-06-29,0.34853944479434434
2011-06-30,0.3034142139129372
2011-07-01,0.30237709129650564
2011-07-04,0.30135431234054383
2011-07-05,0.30549442790220327
2011-07-06,0.3040801432665874
2011-07-07,0.2897356120934127
2011-07-08,0.3012859918672982
2011-07-11,0.2993683232431389
2011-07-12,0.30188848655565137
2011-07-13,0.3582715079755685
2011-07-14,0.3595323300105725
2011-07-15,0.3601062835377773
2011-07-18,0.3470234008517119
2011-07-19,0.3474744269049346
2011-07-20,0.34178070600485455
2011-07-21,0.33892339880942945
2011-07-22,0.33644758405468983
2011-07-25,0.3628786000678719
2011-07-26,0.35863360537146766
2011-07-27,0.3504802009313943
2011-07-28,0.35175273368856763
2011-07-29,0.34943812108695693
2011-08-01,0.3144213212043395
2011-08-02,0.30362135160987125
2011-08-03,0.29924289897056794
2011-08-04,0.30906434776350195
2011-08-05,0.2920335046026919
2011-08-08,0.3435646994938186
2011-08-09,0.3738295224374172
2011-08-10,0.41375097566162256
2011-08-11,0.4089803584630854
2011-08-12,0.399865595228174
2011-08-15,0.4279408806651627
2011-08-16,0.41239449167421205
2011-08-17,0.40860649556964707
2011-08-18,0.3983152807665892
2011-08-19,0.3875105149277397
2011-08-22,0.4037469006598333
2011-08-23,0.4104289244663349
2011-08-24,0.4033518142497675
2011-08-25,0.4005163198111926
2011-08-26,0.38788568254639755
2011-08-29,0.3919062557072036
2011-09-01,0.4055977297281677
2011-09-02,0.40267903123462034
2011-09-05,0.4345042821257074
2011-09-06,0.42779110355016653
2011-09-07,0.43201919183150145
2011-09-08,0.4092791488125047
2011-09-09,0.3988645710283539
2011-09-12,0.3891106907524187
2011-09-13,0.4038105815976203
2011-09-14,0.39290068209094786
2011-09-15,0.38825345415227214
2011-09-16,0.3726445804990684
2011-09-19,0.40054854074647617
2011-09-20,0.3895733530142035
2011-09-21,0.3875751968171448
2011-09-22,0.3777301993938303
2011-09-23,0.38124492145811323
2011-09-26,0.41162241743695327
2011-09-27,0.4259040154290603
2011-09-28,0.41726841227289685
2011-09-29,0.43057462375699596
2011-09-30,0.4696128902734424
2011-10-04,0.4678785727409805
2011-10-05,0.4600173565143463
2011-10-06,0.4374181534003602
2011-10-07,0.4212616752809691
2011-10-10,0.42744631390675725
2011-10-11,0.42564818324324794
2011-10-12,0.4165737069040416
2011-10-13,0.42470680939722244
2011-10-14,0.420703108677975
2011-10-17,0.3939720201530378
2011-10-18,0.37916968967070624
2011-10-19,0.3739341907451945
2011-10-20,0.4153103926295169
2011-10-21,0.4104065448977014
2011-10-24,0.40595960130219266
2011-10-25,0.3971987146756769
2011-10-26,0.39344173310204134
2011-10-27,0.3894598725714082
2011-10-28,0.39717097586898503
2011-10-31,0.3628990445208373
2011-11-01,0.3377821515065749
2011-11-02,0.3404999000010254
2011-11-03,0.33412074185970503
2011-11-04,0.33575438877862834
2011-11-09,0.32990844905223315
2011-11-10,0.3275148483007916
2011-11-11,0.32681047423240794
2011-11-14,0.30096691218298866
2011-11-15,0.28500665016224447
2011-11-16,0.2827477330597179
2011-11-17,0.2930663743797348
2011-11-18,0.2949403748071946
2011-11-21,0.2971936672369736
2011-11-22,0.27673089384264654
2011-11-23,0.2777974955498033
2011-11-24,0.27612600813723204
2011-11-25,0.2855768614125845
2011-11-28,0.26844125942533426
2011-11-29,0.2724840521812233
2011-11-30,0.29943683900349977
2011-12-01,0.2979563814137121
2011-12-02,0.29569601634192966
2011-12-05,0.2984759092696977
2011-12-06,0.27490319703508365
2011-12-07,0.26562202330138635
2011-12-08,0.2809383707685903
2011-12-09,0.26876678505729446
2011-12-12,0.2703634942755536
2011-12-13,0.2704114946942634
2011-12-14,0.27015969561058367
2011-12-15,0.2633450731944853
2011-12-16,0.20965804396984078
2011-12-19,0.24267327098835345
2011-12-20,0.24241480322295245
2011-12-21,0.25304996522253054
2011-12-22,0.3080497811176942
2011-12-23,0.30025469932061205
2011-12-28,0.2874113385082505
2011-12-29,0.28622375764617897
2011-12-30,0.27159742657105373
2012-01-03,0.27007822225718564
2012-01-04,0.26802276563931626
2012-01-05,0.256788426265925
2012-01-06,0.24461371370867696
2012-01-09,0.252055062613184
2012-01-10,0.25373974996602583
2012-01-11,0.2424034938440321
2012-01-12,0.24296196097436332
2012-01-13,0.24060837102186347
2012-01-16,0.24687540868449237
2012-01-17,0.2585709657200548
2012-01-18,0.2635819400459482
2012-01-19,0.2704910742281513
2012-01-20,0.2896371750906188
2012-01-23,0.2841113678069611
2012-01-24,0.3045808046178079
2012-01-25,0.28740571852538643
2012-01-26,0.2899438373866322
2012-01-27,0.28887010780123
2012-01-30,0.3021207495258068
2012-01-31,0.31168346289225024
2012-02-01,0.2747970048576417
2012-02-02,0.25548948490781676
2012-02-03,0.2619187816708254
2012-02-07,0.2701311700968826
2012-02-08,0.2627156424033507
2012-02-09,0.26178250987439017
2012-02-10,0.25693156847993803
2012-02-13,0.25179614115117815
2012-02-14,0.261032205239212
2012-02-15,0.2503368031452167
2012-02-16,0.25296216803661037
2012-02-17,0.2676775878142559
2012-02-20,0.27882816248145514
2012-02-21,0.27565445561679186
2012-02-22,0.2742627438736001
2012-02-23,0.2872617527247853
2012-02-24,0.2885477632602382
2012-02-27,0.3004211604443081
2012-02-28,0.291514149628064
2012-02-29,0.2832409713346763
2012-03-01,0.26934722556887875
2012-03-02,0.28652406379383377
2012-03-05,0.31496515181065005
2012-03-06,0.31130884102559886
2012-03-07,0.30041418982199
2012-03-08,0.29887336976637335
2012-03-09,0.2978352657367214
2012-03-12,0.3059991732227023
2012-03-13,0.31000170949922323
2012-03-14,0.3689829430327495
2012-03-15,0.36831548538567854
2012-03-16,0.3793562975757454
2012-03-19,0.3931421914152958
2012-03-20,0.38765307883876254
2012-03-21,0.37287461383421433
2012-03-22,0.3540071437018922
2012-03-23,0.39519147359864915
2012-03-26,0.374950840452982
2012-03-27,0.36076098210349616
2012-03-28,0.3559587075452799
2012-03-29,0.3319246973595405
2012-03-30,0.3308319526905234
2012-04-02,0.3159089896277674
2012-04-03,0.3061569258796017
2012-04-04,0.3262671946531416
2012-04-05,0.3361168139383756
2012-04-10,0.3325844219195947
2012-04-11,0.3320840547061771
2012-04-12,0.331683882195511
2012-04-13,0.32645578868539077
2012-04-16,0.3197262537452187
2012-04-17,0.283180587997545
2012-04-18,0.2714974953939146
2012-04-19,0.26988578075811487
2012-04-20,0.32560304060865786
2012-04-23,0.3412045317002659
2012-04-24,0.3348957070655393
2012-04-25,0.32591081830795654
2012-04-26,0.31969176822832834
2012-04-27,0.33028913589437325
2012-04-30,0.31718222439958177
2012-05-02,0.2722264102899504
2012-05-03,0.30250889621714644
2012-05-04,0.3321194357410889
2012-05-07,0.3311909093486963
2012-05-08,0.31555012916821534
2012-05-09,0.3073050359717634
2012-05-10,0.33289378582487117
2012-05-11,0.3274719192657507
2012-05-14,0.3273982508534874
2012-05-15,0.3223479812870499
2012-05-16,0.3357877927584637
2012-05-17,0.3242760241593217
2012-05-18,0.3215565705626628
2012-05-21,0.3189782247087436
2012-05-22,0.3203879733816274
2012-05-23,0.3138735067001561
2012-05-24,0.3037095310501342
2012-05-25,0.30760990425828305
2012-05-28,0.29833579916992176
2012-05-30,0.28914269380716784
2012-05-31,0.28466675841791356
2012-06-01,0.2633436294364658
2012-06-04,0.2428627033683261
2012-06-05,0.2621090344663763
2012-06-06,0.2770541802787858
2012-06-07,0.276854561462261
2012-06-08,0.27251315013378896
2012-06-11,0.30774568476345276
2012-06-12,0.30606880783520773
2012-06-13,0.3125592908256592
2012-06-14,0.32230235462498047
2012-06-15,0.31761114157128423
2012-06-18,0.3124216405934394
2012-06-19,0.3108378526445946
2012-06-20,0.31259284518019725
2012-06-21,0.39822052635157634
2012-06-22,0.40362746771239133
2012-06-25,0.39361797735176884
2012-06-26,0.37732877827732897
2012-06-27,0.37497271507204016
2012-06-28,0.3715874803390003
2012-06-29,0.36972477038948204
2012-07-02,0.370011016906555
2012-07-03,0.39141877167195976
2012-07-04,0.40503847588432274
2012-07-05,0.38735411228978045
2012-07-06,0.3721830478384791
2012-07-09,0.36924291569407314
2012-07-10,0.3653606986900397
2012-07-11,0.3569387498220095
2012-07-12,0.3643336777567395
2012-07-13,0.3528623485994119
2012-07-16,0.34207583362874827
2012-07-17,0.40119468286642856
2012-07-18,0.3705850572921935
2012-07-19,0.3613797192454419
2012-07-20,0.3514055277837512
2012-07-23,0.37982717312974545
2012-07-24,0.36766020800503113
2012-07-25,0.36179731276769933
2012-07-26,0.35463833222263236
2012-07-27,0.33435196166739256
2012-07-30,0.3306452532536053
2012-07-31,0.3298849188734002
2012-08-01,0.3162849692077029
2012-08-02,0.3090325635190091
2012-08-03,0.3099561120337895
2012-08-06,0.2979397859716137
2012-08-07,0.29342600424499465
2012-08-08,0.28973217905260584
2012-08-09,0.2937215373517443
2012-08-10,0.2968299262585491
2012-08-13,0.2914021887221273
2012-08-14,0.2947923430534683
2012-08-15,0.29420536655290974
2012-08-16,0.2842790069970874
2012-08-17,0.28224313778210136
2012-08-22,0.2828980766821232
2012-08-23,0.2821535650917493
2012-08-24,0.2631945596216304
2012-08-27,0.2676881657501874
2012-08-28,0.27289411138436703
2012-08-29,0.28290363874292945
2012-08-30,0.3048260981753823
2012-08-31,0.2984404270325629
2012-09-03,0.3048921904273074
2012-09-04,0.30374953276676064
2012-09-05,0.32232138127512283
2012-09-06,0.3584158588410434
2012-09-07,0.37617216734631037
2012-09-10,0.38898427300835864
2012-09-11,0.37674710641626186
2012-09-12,0.3556906600494106
2012-09-13,0.37276037321473526
2012-09-14,0.36967325522934297
2012-09-17,0.36460988183926996
2012-09-18,0.36058751317003956
2012-09-19,0.35662247254705404
2012-09-20,0.35138512703942537
2012-09-21,0.33205118799187855
2012-09-24,0.3160832629592516
2012-09-25,0.3174813580488453
2012-09-26,0.3097705480387898
2012-09-27,0.30185758535883433
2012-09-28,0.265407363610333
2012-10-02,0.2510435930698171
2012-10-03,0.27866235691003594
2012-10-04,0.2727576792173311
2012-10-05,0.33011515422195065
2012-10-08,0.3210479400799085
2012-10-09,0.3159938562834933
2012-10-10,0.31931329385941193
2012-10-11,0.3107961536285023
2012-10-12,0.32764885155595547
2012-10-15,0.3269330433860416
2012-10-16,0.32045266185398963
2012-10-17,0.31238947679128054
2012-10-18,0.3068784832327033
2012-10-19,0.30553566998964055
2012-10-22,0.296906971613278
2012-10-23,0.2929862843121584
2012-10-24,0.2985149957727179
2012-10-29,0.32809841422512687
2012-10-30,0.3334600713168282
2012-10-31,0.33812832902359846
2012-11-01,0.32611363895590306
2012-11-02,0.31734028425149996
2012-11-05,0.3044053346122805
2012-11-06,0.3076437806680895
2012-11-07,0.3042482003354854
2012-11-08,0.30538128238031215
2012-11-09,0.3075766352161553
2012-11-12,0.2990109104699378
2012-11-13,0.2943460205667844
2012-11-14,0.3161836926941334
2012-11-15,0.3168724884745216
2012-11-16,0.31795521851470293
2012-11-19,0.31877790444830917
2012-11-20,0.3168962994947394
2012-11-21,0.30014682798763914
2012-11-22,0.29508667887362083
2012-11-23,0.29200492127788175
2012-11-26,0.2764629454234745
2012-11-27,0.2734467391020002
2012-11-28,0.27299645256164895
2012-11-29,0.2772200975990021
2012-11-30,0.26081625773742234
2012-12-03,0.26511435927501414
2012-12-04,0.28874937670799206
2012-12-05,0.28973216685957326
2012-12-06,0.2694414360327196
2012-12-07,0.2728987147852983
2012-12-10,0.2857790291700789
2012-12-11,0.28713534228408866
2012-12-12,0.2887354014964889
2012-12-13,0.31126638803321177
2012-12-14,0.3056219428128545
2012-12-17,0.2755475281582062
2012-12-18,0.2764075894865295
2012-12-19,0.2705312118498089
2012-12-20,0.2608007954438404
2012-12-21,0.265069387332076
2012-12-24,0.271108824725977
2012-12-27,0.25553971945535936
2012-12-28,0.25945121650038294
2012-12-31,0.25958726376092117
2013-01-08,0.2643293661468844
2013-01-09,0.2642907020351739
2013-01-10,0.25847980540127136
2013-01-11,0.2990763618990789
2013-01-14,0.32450771013768787
2013-01-15,0.3249617743125411
2013-01-16,0.34014449581535633
2013-01-17,0.33523936656111086
2013-01-18,0.33521235008186545
2013-01-21,0.3349503982728037
2013-01-22,0.3303475148293913
2013-01-23,0.32552349321773094
2013-01-25,0.3265673350230626
2013-01-28,0.3400843754996378
2013-01-29,0.3313275728290582
2013-01-30,0.32944649798656933
2013-01-31,0.3206626483195076
2013-02-01,0.3136127768630269
2013-02-04,0.36432086075047804
2013-02-05,0.41969096147342827
2013-02-06,0.4178518854539778
2013-02-07,0.40884404121763157
2013-02-08,0.4126702879109249
2013-02-11,0.407047703605296
2013-02-12,0.3968580294416573
2013-02-13,0.3903362431966513
2013-02-14,0.38209685040302943
2013-02-15,0.41632983621900904
2013-02-18,0.4016596462008158
2013-02-19,0.3935088418967549
2013-02-20,0.39137448924824414
2013-02-21,0.38513200421852567
2013-02-22,0.3667152372381797
2013-02-25,0.34904055531079037
2013-02-26,0.3317962806250951
2013-02-27,0.32960030956651815
2013-02-28,0.3133483158158839
2013-03-01,0.3110145610683654
2013-03-04,0.3110415731973822
2013-03-05,0.29659146208969245
2013-03-06,0.3004971771998438
2013-03-07,0.30186448534363
2013-03-08,0.30325922266499916
2013-03-11,0.30508557953736537
2013-03-12,0.30711054081743805
2013-03-13,0.3054226905638144
2013-03-14,0.2521683549272472
2013-03-15,0.26263380466984093
2013-03-18,0.2632392042254018
2013-03-19,0.26468011513430145
2013-03-20,0.2655109200833312
2013-03-21,0.2666110787834629
2013-03-22,0.2684649982843995
2013-03-25,0.28001485215255445
2013-03-26,0.2789290644599978
2013-03-27,0.26952181078992543
2013-03-28,0.26770018381283867
2013-04-02,0.26733760036663945
2013-04-03,0.32315940235019947
2013-04-04,0.2970534981511358
2013-04-05,0.29492168880734404
2013-04-08,0.28971520807678
2013-04-09,0.2644046064336937
2013-04-10,0.3016881496588385
2013-04-11,0.32240624960068986
2013-04-12,0.29954024522308337
2013-04-15,0.3009540443287612
2013-04-16,0.26427874922046046
2013-04-17,0.25946530153659764
2013-04-18,0.2603922182262477
2013-04-19,0.2632572019081927
2013-04-22,0.27230396944453245
2013-04-23,0.2858664002322168
2013-04-24,0.28358419117113287
2013-04-25,0.26643715046723315
2013-04-26,0.26867838947680855
2013-04-29,0.26858295180381636
2013-04-30,0.2830819490090474
2013-05-02,0.2651550121792724
2013-05-03,0.27064257940403
2013-05-06,0.26810663229961823
2013-05-07,0.2722862077070534
2013-05-08,0.27741267216329535
2013-05-09,0.3450347373166773
2013-05-10,0.34272188970828826
2013-05-13,0.3354443352009908
2013-05-14,0.31291956385707975
2013-05-15,0.31259803238411943
2013-05-16,0.3169345151744253
2013-05-17,0.315373328060338
2013-05-20,0.3117023350241695
2013-05-21,0.3110361342188314
2013-05-22,0.297053551497529
2013-05-23,0.27670433315210197
2013-05-24,0.2611504850229071
2013-05-27,0.26479303225160794
2013-05-28,0.2633715389238839
2013-05-30,0.26620902201764196
2013-05-31,0.27280329629671574
2013-06-03,0.29715355557278994
2013-06-04,0.29256407989784705
2013-06-05,0.29077692753824413
2013-06-06,0.3007413445216088
2013-06-07,0.2895485160529928
2013-06-10,0.28532801709253686
2013-06-11,0.27413615783076695
2013-06-12,0.26358706623793876
2013-06-13,0.2574419091494793
2013-06-14,0.403368099373434
2013-06-17,0.3981759205037013
2013-06-18,0.38406552629927815
2013-06-19,0.3804276970869346
2013-06-20,0.37484393185247467
2013-06-21,0.38380557883947386
2013-06-24,0.3733008991752255
2013-06-25,0.3629553168935786
2013-06-26,0.37478824790319154
2013-06-27,0.37117720711149105
2013-06-28,0.3592329646983815
2013-07-01,0.3464916698019085
2013-07-02,0.35257204627348004
2013-07-03,0.35083727724177327
2013-07-04,0.3514105638158517
2013-07-05,0.3604528690262384
2013-07-08,0.36017248783564215
2013-07-09,0.3580529414906426
2013-07-10,0.3519478393097809
2013-07-11,0.3480283593951544
2013-07-12,0.3503248894567146
2013-07-15,0.3559615440503247
2013-07-16,0.34037502497431155
2013-07-17,0.31581908297610406
2013-07-18,0.3119248177966643
2013-07-19,0.3122813317788096
2013-07-22,0.31127001063299675
2013-07-23,0.3202581707735198
2013-07-24,0.3148273540650785
2013-07-25,0.4866274434468828
2013-07-26,0.4787986893756047
2013-07-29,0.46949960614714925
2013-07-30,0.46189936785001606
2013-07-31,0.4436983314197748
2013-08-01,0.42929031301853476
2013-08-02,0.4266897128534393
2013-08-05,0.4028066059323219
2013-08-06,0.39975247266346425
2013-08-07,0.3931192582457994
2013-08-12,0.3757681451348228
2013-08-13,0.3832132120381373
2013-08-14,0.36799685701569446
2013-08-15,0.3508920554260486
2013-08-16,0.3493345550008474
2013-08-19,0.34649948283597026
2013-08-20,0.34543063581230904
2013-08-21,0.3152210161287923
2013-08-22,0.32430516916783175
2013-08-23,0.3331439666969696
2013-08-26,0.33143887276630163
2013-08-27,0.34009602203890027
2013-08-28,0.3277634488702403
2013-08-29,0.3338031281508213
2013-08-30,0.3331880923719236
2013-09-02,0.29826872229208057
2013-09-03,0.2927485558036581
2013-09-04,0.2926916661929558
2013-09-05,0.2744770957456513
2013-09-06,0.2750146324636914
2013-09-09,0.2742251647562922
2013-09-10,0.27276612113923077
2013-09-11,0.27426163237464596
2013-09-12,0.25246917169174854
2013-09-13,0.2662409919490528
2013-09-16,0.27124096031143274
2013-09-17,0.25904027909498495
2013-09-18,0.22221843087403403
2013-09-19,0.21850255686921827
2013-09-20,0.2604203496949542
2013-09-23,0.26605390209686364
2013-09-24,0.26920837545575116
2013-09-25,0.2722583561645062
2013-09-26,0.261726327470529
2013-09-27,0.2643959003836803
2013-09-30,0.2746829040137671
2013-10-02,0.2815808147130713
2013-10-03,0.2920580382648506
2013-10-04,0.2887539718079598
2013-10-07,0.28665146949038256
2013-10-08,0.28914361680100187
2013-10-09,0.28303138376939546
2013-10-10,0.2563123579351648
2013-10-11,0.24860629555541322
2013-10-14,0.2452312937662887
2013-10-17,0.25158233892754706
2013-10-18,0.2653594579169198
2013-10-21,0.2607973089777973
2013-10-22,0.26321515904348286
2013-10-23,0.26558333245754595
2013-10-24,0.26363382371449295
2013-10-25,0.2617403847151153
2013-10-28,0.23393603879063657
2013-10-29,0.24226605962726833
2013-10-30,0.22618495771372507
2013-10-31,0.23053481475140547
2013-11-01,0.22111221611094606
2013-11-04,0.21080970279159095
2013-11-05,0.2116809903486147
2013-11-06,0.2116713659575165
2013-11-07,0.2198342549862125
2013-11-08,0.22394147807307432
2013-11-11,0.23524063757414088
2013-11-12,0.24120107227434354
2013-11-13,0.24991721298180689
2013-11-14,0.25865392012926386
2013-11-15,0.256435111735893
2013-11-18,0.26102749860285235
2013-11-19,0.2588904830074911
2013-11-20,0.25839144132349184
2013-11-21,0.2555711676918796
2013-11-22,0.25773783512596404
2013-11-25,0.2590283438069075
2013-11-26,0.27669618073620256
2013-11-27,0.2916842285298391
2013-11-28,0.2990976328909397
2013-11-29,0.30363787941811715
2013-12-02,0.3059867186805758
2013-12-03,0.3021395599762135
2013-12-04,0.29703827249825976
2013-12-05,0.28200712960362767
2013-12-06,0.2816787631654341
2013-12-09,0.28554520682904583
2013-12-10,0.2872907479522385
2013-12-11,0.29126097237206905
2013-12-12,0.2913171173603086
2013-12-13,0.29272910751424364
2013-12-16,0.27008690420770326
2013-12-17,0.24260869480896438
2013-12-18,0.24546680124725678
2013-12-19,0.249882908267554
2013-12-20,0.2629383985438043
2013-12-23,0.27162773374373045
2013-12-24,0.27966485131628216
2013-12-27,0.2815294665919622
2013-12-30,0.28279223485268157
2013-12-31,0.2871504591208639
2014-01-02,0.29577977770075703
2014-01-03,0.27153393535045217
2014-01-06,0.2827308991891816
2014-01-07,0.2864133180630062
2014-01-08,0.2895379033390114
2014-01-09,0.3076226965719056
2014-01-10,0.30893357386259657
2014-01-13,0.3078924093071434
2014-01-15,0.28695919673979764
2014-01-16,0.29255286191280644
2014-01-17,0.2853134978563398
2014-01-20,0.28591597289331433
2014-01-21,0.26917516466692276
2014-01-22,0.2821772096469962
2014-01-23,0.3495046875744322
2014-01-24,0.36932652605846067
2014-01-27,0.3676955928486965
2014-01-28,0.3964458603775758
2014-01-29,0.4086491450129811
2014-01-30,0.3991995266217579
2014-01-31,0.3955607153507394
2014-02-03,0.3807788663088017
2014-02-04,0.4142980630486598
2014-02-05,0.4255168507089261
2014-02-06,0.4169525498011944
2014-02-07,0.4100498615779447
2014-02-10,0.3840621269653326
2014-02-11,0.3776219472098322
2014-02-12,0.36389173531392915
2014-02-13,0.3622080252516683
2014-02-14,0.48813236774104085
2014-02-17,0.48148706625165383
2014-02-18,0.4625658068292283
2014-02-19,0.4517259714777147
2014-02-20,0.4372468472581984
2014-02-21,0.4629691678338769
2014-02-24,0.4630010803422575
2014-02-25,0.4442653987165356
2014-02-26,0.4685166327822354
2014-02-27,0.46264349883176514
2014-02-28,0.4563390820615151
2014-03-03,0.43794254570921715
2014-03-04,0.4281541472314288
2014-03-05,0.4172342611236786
2014-03-06,0.4118019010583957
2014-03-07,0.38661400931698475
2014-03-10,0.38018325425322974
2014-03-11,0.370913270618631
2014-03-12,0.35013017899193094
2014-03-13,0.32629449646652037
2014-03-14,0.35872525253838283
2014-03-17,0.3755543672135869
2014-03-18,0.3558529866106392
2014-03-19,0.3281188725878675
2014-03-20,0.32852701113311944
2014-03-21,0.36616053297228135
2014-03-24,0.37114466885604375
2014-03-25,0.3648967028826872
2014-03-26,0.36208979399169927
2014-03-27,0.35045319097241706
2014-03-28,0.34716319555474107
2014-03-31,0.33275165120560696
2014-04-01,0.3370548190835464
2014-04-02,0.3315055742712694
2014-04-03,0.3276409672894157
2014-04-04,0.32842495669092475
2014-04-07,0.30722706425494
2014-04-08,0.3072651648460759
2014-04-09,0.31105136621509144
2014-04-10,0.3129124587130379
2014-04-11,0.3049568240147108
2014-04-14,0.3079380389476524
2014-04-15,0.29097224037290115
2014-04-16,0.28865245103195625
2014-04-17,0.28199958384289703
2014-04-22,0.284878026993422
2014-04-23,0.26712314490329553
2014-04-24,0.2746000219637395
2014-04-25,0.24858094472476244
2014-04-28,0.24158349765904452
2014-04-29,0.25203772762044546
2014-04-30,0.21088206919489422
2014-05-02,0.21833859174614076
2014-05-05,0.22669546301853655
2014-05-06,0.22266597389462506
2014-05-07,0.22912595257821539
2014-05-08,0.2334792657128184
2014-05-09,0.23976575926173674
2014-05-12,0.24144578948098125
2014-05-13,0.25069567807552173
2014-05-14,0.32086237234721765
2014-05-15,0.32190169001075936
2014-05-16,0.31160878561300986
2014-05-19,0.3218020210911224
2014-05-20,0.3201310221245586
2014-05-21,0.31821132688802134
2014-05-22,0.3104027870218671
2014-05-23,0.3242782725322028
2014-05-26,0.31877035106553986
2014-05-27,0.31601715627156335
2014-05-28,0.3196224427678224
2014-05-30,0.3507229268559726
2014-06-02,0.46553875616208096
2014-06-03,0.45016905117526457
2014-06-04,0.44130850682630596
2014-06-05,0.4338979062036129
2014-06-06,0.4229302681578934
2014-06-09,0.41714266378206605
2014-06-10,0.4059975209607812
2014-06-11,0.394100456804516
2014-06-12,0.39067553809487554
2014-06-13,0.3831137710814733
2014-06-16,0.379909119824688
2014-06-17,0.3710507816627519
2014-06-18,0.39218607406270645
2014-06-19,0.3801497685633393
2014-06-20,0.35633896453789615
2014-06-23,0.354039109020002
2014-06-24,0.3214551794445624
2014-06-25,0.30077264168075557
2014-06-26,0.31236396489086393
2014-06-27,0.311133825312894
2014-06-30,0.30781109098340736
2014-07-01,0.30848809718620973
2014-07-02,0.3300976342355207
2014-07-03,0.32196623425240156
2014-07-04,0.32128866211250295
2014-07-07,0.31586897806418346
2014-07-08,0.3154434268534799
2014-07-09,0.31349539489915274
2014-07-10,0.3114399056892639
2014-07-11,0.3127725067033665
2014-07-14,0.3077714577747665
2014-07-15,0.29904796189750993
2014-07-16,0.2863016629244262
2014-07-17,0.28788069748502154
2014-07-18,0.25444973510266095
2014-07-21,0.25692874854798464
2014-07-22,0.2641545802425721
2014-07-23,0.27045935052119424
2014-07-30,0.2689740728058506
2014-07-31,0.2473489791499519
2014-08-01,0.22974044418991735
2014-08-04,0.24086654136351865
2014-08-05,0.24018662886534417
2014-08-06,0.24928270386881887
2014-08-07,0.2634393239423682
2014-08-08,0.2691061397289546
2014-08-11,0.27151391176582707
2014-08-12,0.2800707080271039
2014-08-13,0.26518957357227285
2014-08-14,0.27238744539751
2014-08-15,0.2724388837147848
2014-08-18,0.2777176247519999
2014-08-19,0.2758879214778192
2014-08-20,0.2883352431807876
2014-08-21,0.2895316545927639
2014-08-22,0.27200686576102556
2014-08-25,0.28720963354967405
2014-08-26,0.28252689797444547
2014-08-27,0.2810866783593934
2014-08-28,0.2810950630931708
2014-08-29,0.2962404729280321
2014-09-01,0.2951836623696189
2014-09-02,0.3064877212205362
2014-09-03,0.27683307488814324
2014-09-04,0.2673034203561805
2014-09-05,0.2680147177987628
2014-09-08,0.27508479855329837
2014-09-09,0.27890394168926946
2014-09-10,0.28991961136912237
2014-09-11,0.2872085510869442
2014-09-12,0.285598628073865
2014-09-15,0.2570742984009984
2014-09-16,0.26430314827279666
2014-09-17,0.2677983899436825
2014-09-18,0.2612197311357237
2014-09-19,0.2614507618399989
2014-09-22,0.25400396241055
2014-09-23,0.2622820155212616
2014-09-24,0.2852137300080958
2014-09-25,0.27361500862272725
2014-09-26,0.22354413665876455
2014-09-29,0.22631786952943128
2014-09-30,0.22261064333763284
2014-10-02,0.22379426712566408
2014-10-03,0.2327698318596001
2014-10-08,0.24035538703030318
2014-10-09,0.23787601826707264
2014-10-10,0.25217921946197314
2014-10-13,0.30240238412894643
2014-10-14,0.3122852537964801
2014-10-15,0.3580859294371651
2014-10-16,0.35480186134570035
2014-10-17,0.3775479019580817
2014-10-20,0.3638387326136986
2014-10-21,0.4002444852286741
2014-10-22,0.3963103614371926
2014-10-23,0.38769484330685866
2014-10-24,0.37239485245768167
2014-10-27,0.36835753251739467
2014-10-28,0.36446208481318454
2014-10-29,0.3896725820837199
2014-10-30,0.37860079211671094
2014-10-31,0.3683171058897816
2014-11-03,0.35681713480145516
2014-11-04,0.32914906557418766
2014-11-05,0.32162167785404716
2014-11-06,0.35625027935285464
2014-11-07,0.3837185134125102
2014-11-10,0.38225076674570435
2014-11-11,0.3978045534645062
2014-11-12,0.4060416284503116
2014-11-13,0.40275734506940175
2014-11-14,0.4081265197795128
2014-11-17,0.40991240121297895
2014-11-18,0.403955804660837
2014-11-19,0.3971604959830845
2014-11-20,0.3966041425688305
2014-11-21,0.38702990538391513
2014-11-24,0.38667826494009694
2014-11-25,0.3788656527761754
2014-11-26,0.3801984287127856
2014-11-27,0.36498429357525647
2014-11-28,0.3375533132898571
2014-12-01,0.33241897587432
2014-12-02,0.33783342414969686
2014-12-03,0.3323398863911753
2014-12-04,0.3316385781551531
2014-12-05,0.3367668961359446
2014-12-08,0.32612171326205763
2014-12-09,0.326759689838448
2014-12-10,0.3336608599746963
2014-12-11,0.32437173824081106
2014-12-12,0.40211930313642086
2014-12-15,0.40162427169925874
2014-12-16,0.3976995448482842
2014-12-17,0.42249130797296425
2014-12-18,0.4650041028155398
2014-12-19,0.44834257715999354
2014-12-22,0.48921843404602205
2014-12-23,0.5073919724421245
2014-12-24,0.5189714615463178
2014-12-29,0.5109880277957597
2014-12-30,0.49297827182693077
2014-12-31,0.4894355507300034
2015-01-05,0.48988833883531074
2015-01-06,0.48031785926578924
2015-01-07,0.508433160357629
2015-01-08,0.5307212260986469
2015-01-09,0.5127642853341057
2015-01-12,0.49569997705686497
2015-01-13,0.48721244847390227
2015-01-14,0.4733541533248399
2015-01-15,0.4858929592614244
2015-01-16,0.46423948880520716
2015-01-19,0.453881133318489
2015-01-20,0.46080408028394315
2015-01-21,0.43568331777381
2015-01-22,0.4251105025603719
2015-01-23,0.4110842037750995
2015-01-26,0.39245660766331725
2015-01-27,0.3748265285680116
2015-01-28,0.368440024361135
2015-01-29,0.36399686855626295
2015-01-30,0.3691716495515161
2015-02-02,0.37875677457202644
2015-02-03,0.36977939686075845
2015-02-04,0.36946359776756416
2015-02-05,0.3855442566411539
2015-02-06,0.3543302509126788
2015-02-09,0.33194672131927794
2015-02-10,0.32975141036716876
2015-02-11,0.3274361091126156
2015-02-12,0.33183767838589195
2015-02-13,0.36382818889306145
2015-02-16,0.36812207364596483
2015-02-17,0.36092196163834717
2015-02-18,0.3690883904985494
2015-02-19,0.41122383375880595
2015-02-20,0.4048292189626107
2015-02-23,0.4044833519354284
2015-02-24,0.40894035466389
2015-02-25,0.42086515629716015
2015-02-26,0.41123357534505817
2015-02-27,0.4065951995095915
2015-03-02,0.397280295353437
2015-03-03,0.40246033202873477
2015-03-04,0.3945160919437967
2015-03-05,0.36613697466868234
2015-03-06,0.3662612614394082
2015-03-09,0.41757841921562877
2015-03-10,0.41442726014685893
2015-03-11,0.4078070254753289
2015-03-12,0.3966661170126041
2015-03-13,0.37354307076003357
2015-03-16,0.3756860447813679
2015-03-17,0.39300912879622596
2015-03-18,0.33954717558144853
2015-03-19,0.3348911163590468
2015-03-20,0.3387542693013355
2015-03-23,0.3244393927124717
2015-03-24,0.3239667175731674
2015-03-25,0.31638335937597795
2015-03-26,0.2966443242960997
2015-03-27,0.285458081473471
2015-03-30,0.30954002514198037
2015-03-31,0.31970588332435473
2015-04-01,0.3194124177791684
2015-04-02,0.4207973957804093
2015-04-07,0.4177563265433852
2015-04-08,0.42467181866661274
2015-04-09,0.41961391387644165
2015-04-10,0.4161507181218118
2015-04-13,0.4120706973226387
2015-04-14,0.41052001623291084
2015-04-15,0.4066512236329506
2015-04-16,0.3910483937137698
2015-04-17,0.3860840876034325
2015-04-20,0.39070173293015503
2015-04-21,0.34638072399479486
2015-04-22,0.32090662271696113
2015-04-23,0.3086663326235186
2015-04-24,0.3145547688874727
2015-04-27,0.3012802692478683
2015-04-28,0.29403440270055714
2015-04-29,0.30856194716543045
2015-04-30,0.293967357037744
2015-05-04,0.28728757974376273
2015-05-05,0.27774742408626096
2015-05-06,0.2812170608211913
2015-05-07,0.28364819113778095
2015-05-08,0.2860140482571379
2015-05-11,0.2823099378470837
2015-05-12,0.27309944149614723
2015-05-13,0.2670451836170993
2015-05-14,0.27460310935706617
2015-05-15,0.27847703874958435
2015-05-18,0.27186215114045165
2015-05-19,0.3249385363240812
2015-05-20,0.32176938022516843
2015-05-21,0.32447220949473987
2015-05-22,0.31948284307714553
2015-05-25,0.3276269491173732
2015-05-26,0.3239684770949525
2015-05-27,0.3204474940107264
2015-05-28,0.31772832844794274
2015-06-01,0.2867446491547899
2015-06-02,0.29403617355728684
2015-06-03,0.2981737956647379
2015-06-04,0.3226281661635396
2015-06-05,0.3510941525840822
2015-06-08,0.3579818604623318
2015-06-09,0.34550723300745234
2015-06-10,0.3397762279895571
2015-06-11,0.33514430857429006
2015-06-12,0.3344653196419811
2015-06-15,0.3326493879949468
2015-06-16,0.30352726069461705
2015-06-17,0.30196397194251096
2015-06-18,0.30167135242782184
2015-06-19,0.30191954402983967
2015-06-22,0.29304594996591105
2015-06-23,0.2921432132961524
2015-06-24,0.28461568730276765
2015-06-25,0.2891256020724125
2015-06-26,0.30905203354236377
2015-06-29,0.3151913687029932
2015-06-30,0.318610437820236
2015-07-01,0.32550900349293704
2015-07-02,0.3363217440567447
2015-07-03,0.31331559189067704
2015-07-06,0.31067706598161243
2015-07-07,0.3166186112629815
2015-07-08,0.2962452198755382
2015-07-09,0.2937896703184303
2015-07-10,0.2901254459923354
2015-07-13,0.2879842827367177
2015-07-14,0.2919045501771208
2015-07-15,0.2818241207344287
2015-07-16,0.2920397718556792
2015-07-21,0.2932149097272041
2015-07-22,0.28198376657904045
2015-07-23,0.2853554638625349
2015-07-24,0.28826221458525164
2015-07-27,0.2932059904735027
2015-07-28,0.28701848174648925
2015-07-29,0.29955592436297385
2015-07-30,0.3054943251019317
2015-07-31,0.29724031152836305
2015-08-03,0.35383916676482113
2015-08-04,0.34900190737398235
2015-08-05,0.336255902514086
2015-08-06,0.332996108072777
2015-08-07,0.339418345784539
2015-08-10,0.3233404608250514
2015-08-11,0.3207265338885817
2015-08-12,0.3127482933813205
2015-08-13,0.33042236860385754
2015-08-14,0.4073612198831832
2015-08-17,0.3954964044354042
2015-08-18,0.3700889314179747
2015-08-19,0.36633850445219646
2015-08-20,0.37427038617016706
2015-08-21,0.3638335774085576
2015-08-24,0.3241861102724453
2015-08-25,0.35369582752550477
2015-08-26,0.34028823194565394
2015-08-27,0.3698326201768533
2015-08-28,0.3687377251645447
2015-08-31,0.4192033287100016
2015-09-01,0.446768380075356
2015-09-02,0.4385461125812518
2015-09-03,0.4324319731305115
2015-09-04,0.40713452841964876
2015-09-07,0.41260040907171
2015-09-08,0.4154229384216469
2015-09-09,0.40480113348883967
2015-09-10,0.43438210529432697
2015-09-11,0.43806723949784204
2015-09-14,0.4277811385759085
2015-09-15,0.43311847400603903
2015-09-16,0.422800847937203
2015-09-17,0.412293249357099
2015-09-18,0.40764344770516414
2015-09-21,0.4019129025123749
2015-09-22,0.397183461690525
2015-09-23,0.38994692803530173
2015-09-28,0.38506938974461696
2015-09-29,0.3650015164157551
2015-09-30,0.36309241736914116
2015-10-02,0.350110955578461
2015-10-05,0.34395164181645727
2015-10-06,0.33938733024201656
2015-10-07,0.3316844962890155
2015-10-08,0.3359867802993522
2015-10-09,0.31346850760388945
2015-10-12,0.3215397482258736
2015-10-13,0.29795885666127003
2015-10-14,0.29420407884240285
2015-10-15,0.3227091921668519
2015-10-16,0.3307118123642242
2015-10-19,0.3663272848956668
2015-10-20,0.3446856965102656
2015-10-21,0.33792591395311494
2015-10-22,0.3375845640488322
2015-10-23,0.33325208143537643
2015-10-26,0.31805610354784636
2015-10-27,0.31341999269059634
2015-10-28,0.3680315968714293
2015-10-29,0.3807739157435185
2015-10-30,0.39278294939333785
2015-11-02,0.36046529079237316
2015-11-03,0.3532330167722706
2015-11-04,0.35488172276492913
2015-11-05,0.34690518316762764
2015-11-06,0.33959445135639854
2015-11-09,0.3375139139486131
2015-11-10,0.333012577039187
2015-11-11,0.312692710292391
2015-11-12,0.3070226667991012
2015-11-13,0.31015924475693435
2015-11-16,0.3125176863737874
2015-11-17,0.19498811399116683
2015-11-18,0.20025950789874472
2015-11-19,0.20366681295267383
2015-11-20,0.20925411969493446
2015-11-23,0.19448057252598253
2015-11-24,0.20114387891277596
2015-11-25,0.20014314938914185
2015-11-26,0.19713375102664105
2015-11-27,0.18272635859162384
2015-11-30,0.16131001343421136
2015-12-01,0.16346222044329303
2015-12-02,0.17016117158228336
2015-12-03,0.17348858842865847
2015-12-04,0.19103041010567257
2015-12-07,0.19829329737672907
2015-12-08,0.2492322752425043
2015-12-09,0.2654292497858527
2015-12-10,0.2592124280217153
2015-12-11,0.2553811423390192
2015-12-14,0.25201541270978634
2015-12-15,0.25598313539158485
2015-12-16,0.26982480635622785
2015-12-17,0.25714529352575805
2015-12-18,0.2613566502171449
2015-12-21,0.26530497261246744
2015-12-22,0.2625015497070839
2015-12-23,0.24058202215485833
2015-12-29,0.2327158418431278
2015-12-30,0.2198889328088069
2015-12-31,0.20655481483149024
2016-01-04,0.2114010946926487
2016-01-05,0.2114123319807743
2016-01-06,0.20503392182260818
2016-01-07,0.21489074682343717
2016-01-08,0.2447822513630725
2016-01-11,0.2547293078441196
2016-01-12,0.2604342282374253
2016-01-13,0.2688397019383329
2016-01-14,0.3510951395031771
2016-01-15,0.3965287059187078
2016-01-18,0.39639738302494526
2016-01-19,0.38842668639343464
2016-01-20,0.392441014725168
2016-01-21,0.4542080006281496
2016-01-22,0.44495000111467264
2016-01-25,0.44274885348125703
2016-01-26,0.4214780027600195
2016-01-27,0.4188345895701719
2016-01-28,0.45379290564219393
2016-01-29,0.46054149529302235
2016-02-01,0.4431446447247945
2016-02-02,0.4312027952101605
2016-02-03,0.42266867225692123
2016-02-04,0.4220258149169062
2016-02-05,0.4125068189966682
2016-02-08,0.40676304452932344
2016-02-09,0.3986896790574999
2016-02-10,0.38415080440019517
2016-02-11,0.38234387347642507
2016-02-12,0.37458397989901177
2016-02-15,0.37410796490857684
2016-02-16,0.35419409684956105
2016-02-17,0.35255738299949985
2016-02-18,0.348348943420992
2016-02-19,0.3361159762515172
2016-02-22,0.3261739429320289
2016-02-23,0.3219877993554435
2016-02-24,0.3230671640802408
2016-02-25,0.3943290171689455
2016-02-26,0.3859471940783198
2016-02-29,0.3780082963914809
2016-03-01,0.3690150928649293
2016-03-02,0.36087037812295464
2016-03-03,0.33740776941093015
2016-03-04,0.3381501472193188
2016-03-07,0.3337152834859561
2016-03-08,0.3334427430792313
2016-03-09,0.34192230439063154
2016-03-10,0.3375879542859933
2016-03-11,0.33499542732109866
2016-03-14,0.3313746707931714
2016-03-15,0.3448876476516105
2016-03-16,0.30231702185620424
2016-03-17,0.301305891682426
2016-03-18,0.2984107930793808
2016-03-21,0.25598306773448004
2016-03-22,0.2542518101329353
2016-03-23,0.2541850439885044
2016-03-24,0.26539179242539435
2016-03-29,0.25513244112762906
2016-03-30,0.260096343619483
2016-03-31,0.2694748010359513
2016-04-01,0.2671433120655603
2016-04-04,0.27776269725347447
2016-04-05,0.2749778924472201
2016-04-06,0.27818194532005036
2016-04-07,0.27545417658352295
2016-04-08,0.27984175225593155
2016-04-11,0.2704802760127878
2016-04-12,0.32337930580572766
2016-04-13,0.32629646199515505
2016-04-14,0.2917179611513516
2016-04-15,0.29861210156829454
2016-04-18,0.2919747860105547
2016-04-19,0.2991147333691712
2016-04-20,0.3259599622923524
2016-04-21,0.33720071845869837
2016-04-22,0.344629153043772
2016-04-25,0.35013488299915885
2016-04-26,0.3472671822771134
2016-04-27,0.34033802898744125
2016-04-28,0.3435030042235887
2016-04-29,0.34143236088254625
2016-05-03,0.3295449332702013
2016-05-04,0.3347413781215801
2016-05-05,0.3329533824035016
2016-05-06,0.32719092627874496
2016-05-09,0.3148824982358123
2016-05-10,0.3027235748155725
2016-05-11,0.30315599875508853
2016-05-12,0.30905412248795133
2016-05-13,0.32197864197177173
2016-05-16,0.4255316068583356
2016-05-17,0.4350558242651987
2016-05-18,0.43245722862667424
2016-05-19,0.43556935708718747
2016-05-20,0.4371033422180325
2016-05-23,0.41978723318639605
2016-05-24,0.4169794760450859
2016-05-25,0.41146113814219715
2016-05-26,0.4751318648910626
2016-05-27,0.4774970579746947
2016-05-31,0.47113459369693445
2016-06-01,0.4992432576416327
2016-06-02,0.5123408385866591
2016-06-03,0.5032147604475911
2016-06-06,0.5165159380744312
2016-06-07,0.5070811297222924
2016-06-08,0.49866241688080065
2016-06-09,0.4892197183660077
2016-06-10,0.48322525352813644
2016-06-13,0.4744305030786508
2016-06-14,0.4581419479173546
2016-06-15,0.43834012484106655
2016-06-16,0.5263666734131497
2016-06-17,0.5172595186187209
2016-06-20,0.5028951532500979
2016-06-21,0.49716784582559514
2016-06-22,0.5035307817261943
2016-06-23,0.496475025715731
2016-06-24,0.48587479486142476
2016-06-27,0.49414497501048454
2016-06-28,0.49395123947722974
2016-06-29,0.48688872277089884
2016-06-30,0.47369085821288426
2016-07-01,0.462966353535123
2016-07-04,0.45381873266376027
2016-07-08,0.44634162238604624
2016-07-11,0.4183846413118754
2016-07-12,0.3959232916625274
2016-07-13,0.3889302530507539
2016-07-14,0.38567812282851444
2016-07-15,0.37903236091680875
2016-07-18,0.3558927033557014
2016-07-19,0.34433554989246895
2016-07-20,0.3795434093178113
2016-07-21,0.3725272001651767
2016-07-22,0.39342415801701336
2016-07-25,0.3891059006761809
2016-07-26,0.39127000705751663
2016-07-27,0.49137766687606665
2016-07-28,0.4704527268972457
2016-07-29,0.45898989128507167
2016-08-01,0.4517402868490933
2016-08-02,0.43630339780072447
2016-08-03,0.41919468956655537
2016-08-04,0.4102847345918132
2016-08-05,0.40291006109021515
2016-08-08,0.4147232278762142
2016-08-09,0.40658424293546336
2016-08-10,0.39868207171336134
2016-08-11,0.39537729829651835
2016-08-12,0.3959459905069062
2016-08-15,0.37713984980068443
2016-08-16,0.3708425595800396
2016-08-17,0.3486506804497364
2016-08-18,0.33817582783113814
2016-08-19,0.32911355837353395
2016-08-22,0.34956528913429635
2016-08-23,0.3602046009325274
2016-08-24,0.35425445098717046
2016-08-25,0.34740320666156227
2016-08-26,0.3444932682358951
2016-08-29,0.3418776176717387
2016-08-30,0.339911628783646
2016-08-31,0.32640203669031004
2016-09-01,0.3212182081132223
2016-09-02,0.3183885784074153
2016-09-05,0.3169930901403106
2016-09-06,0.3135219470665474
2016-09-07,0.3212480928491145
2016-09-08,0.3218271635682425
2016-09-09,0.30955442272948436
2016-09-14,0.3079761446893194
2016-09-15,0.3047824142271819
2016-09-16,0.30544376472484913
2016-09-19,0.29162487083131605
2016-09-20,0.28684473606962424
2016-09-21,0.2875525480343752
2016-09-22,0.2690506793743415
2016-09-23,0.21991203517491104
2016-09-26,0.22058839189532192
2016-09-27,0.2051614739973447
2016-09-28,0.21037592368537786
2016-09-29,0.2127172870349197
2016-09-30,0.2120521200302182
2016-10-04,0.21478202828417672
2016-10-05,0.1751410002101978
2016-10-06,0.19186102815221434
2016-10-07,0.19456322320698013
2016-10-10,0.19251257428913676
2016-10-11,0.19862617702213842
2016-10-12,0.17609275500620186
2016-10-13,0.19352345063388113
2016-10-14,0.21016630256894747
2016-10-17,0.21937617318196345
2016-10-18,0.23581016528316487
2016-10-19,0.23465074088678078
2016-10-20,0.2400017043592099
2016-10-21,0.257440316703544
2016-10-24,0.2619887517162445
2016-10-25,0.2574166264267069
2016-10-26,0.2621766304509368
2016-10-27,0.26442206381515126
2016-10-28,0.26584614371160376
2016-10-31,0.2673294518499524
2016-11-01,0.2858891589175368
2016-11-02,0.29563000714773935
2016-11-03,0.2988669107765114
2016-11-04,0.29896460421762416
2016-11-07,0.3144727547396549
2016-11-08,0.31791805632504583
2016-11-09,0.3017826172999058
2016-11-10,0.36128932318348533
2016-11-11,0.3886047153182764
2016-11-14,0.37868946924617397
2016-11-15,0.362594231036379
2016-11-16,0.3558589951614074
2016-11-17,0.36139632475340544
2016-11-18,0.3577123996754876
2016-11-21,0.3541865608119565
2016-11-22,0.3510555644287062
2016-11-23,0.3505415356904932
2016-11-24,0.34489470234482394
2016-11-25,0.33508568867022603
2016-11-28,0.32603370755825356
2016-11-29,0.3015940475148174
2016-11-30,0.2986865422950766
2016-12-01,0.31091579213811826
2016-12-02,0.31313791330253454
2016-12-05,0.33144200271516777
2016-12-06,0.3210956638563619
2016-12-07,0.31307037610033756
2016-12-08,0.3090039442821081
2016-12-09,0.3084624557218806
2016-12-13,0.30423558539712714
2016-12-14,0.29563400254097816
2016-12-15,0.2849164190825995
2016-12-16,0.3176539730986061
2016-12-19,0.3179919487522912
2016-12-20,0.32011227606396214
2016-12-21,0.30269229303004297
2016-12-22,0.30306449591264367
2016-12-23,0.2923507755989226
2016-12-28,0.2907370818562426
2016-12-29,0.32369171859257184
2016-12-30,0.3035739600357507
2017-01-03,0.30301295829704145
2017-01-04,0.30153524401244647
2017-01-05,0.2896208215874836
2017-01-06,0.30816325266466366
2017-01-09,0.3187977177292572
2017-01-10,0.3952035724391161
2017-01-11,0.40061745320061776
2017-01-12,0.3957562282473083
2017-01-13,0.3818222294366752
2017-01-16,0.3801941151612268
2017-01-17,0.3761321741350603
2017-01-18,0.37219868174813486
2017-01-19,0.3696305794842483
2017-01-20,0.3660414328865854
2017-01-23,0.3553132062893818
2017-01-24,0.35162250835622666
2017-01-25,0.35248895890250803
2017-01-26,0.35127814893537235
2017-01-27,0.3346210903623657
2017-01-30,0.30279582818859907
2017-01-31,0.28969939703385794
2017-02-01,0.2987177035749003
2017-02-02,0.28325412878958095
2017-02-03,0.2938234015450192
2017-02-06,0.2965898008957676
2017-02-07,0.301438407393233
2017-02-08,0.2771908936709745
2017-02-09,0.27752130726257074
2017-02-10,0.28185315093331853
2017-02-13,0.2860736488612453
2017-02-14,0.28349971371950444
2017-02-15,0.26282882705588106
2017-02-16,0.2707587626817878
2017-02-17,0.279839462736471
2017-02-20,0.2797087081730803
2017-02-21,0.28689035792228007
2017-02-22,0.27307732512397853
2017-02-23,0.27569363404482417
2017-02-24,0.25236787717734527
2017-02-27,0.2575139176334654
2017-02-28,0.2644833002515684
2017-03-01,0.26334660845149527
2017-03-02,0.25795327601247015
2017-03-03,0.2615850925609962
2017-03-06,0.26475855544951477
2017-03-07,0.2485190026858227
2017-03-08,0.24287142910380782
2017-03-09,0.24779978735543723
2017-03-10,0.22476229440549922
2017-03-13,0.23090054533098262
2017-03-14,0.19161240102977645
2017-03-15,0.20102761580067324
2017-03-16,0.20579340352323056
2017-03-17,0.2030361488451046
2017-03-20,0.20119291355282093
2017-03-21,0.19669719062898547
2017-03-22,0.21583693495692557
2017-03-23,0.22091496619363138
2017-03-24,0.2188324792627613
2017-03-27,0.22026315283816267
2017-03-28,0.23239527854038133
2017-03-29,0.2413006385624313
2017-03-30,0.22825346796561288
2017-03-31,0.2375995928754925
2017-04-03,0.24148121756021315
2017-04-04,0.20087911711383466
2017-04-05,0.2071858330869615
2017-04-06,0.22827126569742964
2017-04-07,0.22760354494524587
2017-04-10,0.23235352791042532
2017-04-11,0.2372346387860212
2017-04-12,0.24372273578257672
2017-04-13,0.25506985592378373
2017-04-18,0.25733920113866393
2017-04-19,0.23305268228166529
2017-04-20,0.25434604447828113
2017-04-21,0.25772429280247355
2017-04-24,0.26340264456311074
2017-04-25,0.294794113078649
2017-04-26,0.2915711764236663
2017-04-27,0.3005649270158036
2017-04-28,0.3249278674843783
2017-05-02,0.27869861423060216
2017-05-03,0.27904017210790777
2017-05-04,0.29563696615649954
2017-05-05,0.29372251168177144
2017-05-08,0.29437466255876715
2017-05-09,0.29068831657064875
2017-05-10,0.3364827143906105
2017-05-11,0.3947437818002399
2017-05-12,0.39983782771117227
2017-05-15,0.3931367154727713
2017-05-16,0.40572593543613955
2017-05-17,0.40177488824775837
2017-05-18,0.3921940731108009
2017-05-19,0.3822937778099577
2017-05-22,0.37850460234318534
2017-05-23,0.37288619020364394
2017-05-24,0.3685512245223679
2017-05-25,0.37953292912048775
2017-05-26,0.3644351495018938
2017-05-30,0.4327154697130067
2017-05-31,0.44126404810108993
2017-06-01,0.4317176570539253
2017-06-02,0.43696719066396106
2017-06-05,0.45319277946203745
2017-06-06,0.4470448620645124
2017-06-07,0.4409548408008817
2017-06-08,0.4308988847828319
2017-06-09,0.4297700856738203
2017-06-12,0.4254507536858306
2017-06-13,0.414381177189947
2017-06-14,0.4035913087122161
2017-06-15,0.3885019864281771
2017-06-16,0.37482243190944614
2017-06-19,0.37293479165067234
2017-06-20,0.35843344372981917
2017-06-21,0.34870921985313147
2017-06-22,0.37939982360286023
2017-06-23,0.3329795272372952
2017-06-28,0.3386473851289017
2017-06-29,0.3521723322182792
2017-06-30,0.3579699780454063
2017-07-03,0.3505994210325613
2017-07-04,0.3502531414189976
2017-07-05,0.3640036788238237
2017-07-06,0.3594363641446372
2017-07-07,0.3589471385085531
2017-07-10,0.35807051628001024
2017-07-11,0.3848871495072842
2017-07-12,0.3833495274915496
2017-07-13,0.38097976842180054
2017-07-14,0.37142383445510047
2017-07-17,0.3643575643137811
2017-07-18,0.36468788684154313
2017-07-19,0.35661962845824197
2017-07-20,0.3623171764037476
2017-07-21,0.3476062061972652
2017-07-24,0.336699515989625
2017-07-25,0.3384429658434576
2017-07-26,0.33797060385465194
2017-07-27,0.2998681456794431
2017-07-28,0.29570162144388795
2017-07-31,0.29887636256673816
2017-08-01,0.2816243314248319
2017-08-02,0.28343342577745734
2017-08-03,0.28647686336168904
2017-08-04,0.28777252673722076
2017-08-07,0.281692680940785
2017-08-08,0.2841524450740483
2017-08-09,0.27297172538857195
2017-08-10,0.2621599945798282
2017-08-11,0.262553008052633
2017-08-14,0.24572970580325126
2017-08-15,0.24244875797578871
2017-08-16,0.2654631918592075
2017-08-17,0.2918905979298499
2017-08-18,0.2854102168664673
2017-08-21,0.29566063100073514
2017-08-22,0.29489604288616456
2017-08-23,0.29135867103451646
2017-08-24,0.2942391024723697
2017-08-25,0.28756679963188
2017-08-28,0.2891989785891934
2017-08-29,0.29811640913352583
2017-08-30,0.29963860795512015
2017-08-31,0.3184981751157155
2017-09-05,0.30212231090112507
2017-09-06,0.2943605791152094
2017-09-07,0.2785882256195421
2017-09-08,0.28278404299791565
2017-09-11,0.2782179695864633
2017-09-12,0.26745536864065345
2017-09-13,0.27529010529686
2017-09-14,0.2787461896433802
2017-09-15,0.2809560175002896
2017-09-18,0.2678857414818666
2017-09-19,0.2547823119490463
2017-09-20,0.2524048501869437
2017-09-21,0.24361090914141678
2017-09-22,0.24629176415018553
2017-09-25,0.2627942482226162
2017-09-26,0.26955699750093454
2017-09-27,0.2721411561134529
2017-09-28,0.25854569125193533
2017-09-29,0.26028016891318384
2017-10-03,0.2745972254344558
2017-10-04,0.2750055469776826
2017-10-05,0.2701833495959409
2017-10-06,0.29020553220025225
2017-10-09,0.319926016253825
2017-10-10,0.29904310935177597
2017-10-11,0.30177969912418856
2017-10-12,0.30131814149440395
2017-10-13,0.30277988863784594
2017-10-16,0.30530775695596163
2017-10-17,0.2927194527783444
2017-10-18,0.2937573946073921
2017-10-19,0.30233340838963274
2017-10-20,0.3019343676432097
2017-10-23,0.2988454837402517
2017-10-24,0.25917299212365863
2017-10-25,0.2715316065995414
2017-10-26,0.2744965248016424
2017-10-27,0.2768428738412535
2017-10-30,0.2790696558876483
2017-10-31,0.2747114240673886
2017-11-01,0.2703365368124707
2017-11-02,0.25024017821119493
2017-11-03,0.26946864562083006
2017-11-06,0.25119326802666875
2017-11-07,0.24861215150075272
2017-11-08,0.25485386509096053
2017-11-09,0.25620208546814993
2017-11-10,0.24997933411586856
2017-11-13,0.2496681282882262
2017-11-14,0.2612500633418966
2017-11-15,0.25551321798844084
2017-11-16,0.24499571606953907
2017-11-17,0.23750037001118418
2017-11-20,0.23038680257103908
2017-11-21,0.23016517043696078
2017-11-22,0.23418582051477782
2017-11-23,0.2407837284500401
2017-11-24,0.25537673029923846
2017-11-27,0.2553572196016181
2017-11-28,0.2619064063838186
2017-11-29,0.269561147706218
2017-11-30,0.27648497943522504
2017-12-04,0.29028977308110715
2017-12-05,0.27548170521865145
2017-12-06,0.3127087817281026
2017-12-07,0.39329359564213623
2017-12-08,0.3524107623932964
2017-12-11,0.3423815760800867
2017-12-12,0.34359309557294243
2017-12-13,0.34105358497137805
2017-12-14,0.345091045027411
2017-12-15,0.3459392266992241
2017-12-18,0.3366760132842659
2017-12-19,0.3336627026033037
2017-12-20,0.3318492760178916
2017-12-21,0.3185424099329053
2017-12-22,0.3212887545180818
2017-12-27,0.31871553288241394
2017-12-28,0.31964154370783177
2017-12-29,0.3206175593448636
2018-01-02,0.31143234974434025
2018-01-03,0.3112835614700963
2018-01-04,0.30165361284478165
2018-01-05,0.3935712391980083
2018-01-08,0.38220097900328864
2018-01-09,0.39150008311639917
2018-01-10,0.42460187474914024
2018-01-11,0.4668615413900737
2018-01-12,0.48333897848130436
2018-01-15,0.47357171310376983
2018-01-16,0.45997206828977444
2018-01-17,0.48458490751221533
2018-01-18,0.4693173431332401
2018-01-19,0.4525933847024562
2018-01-22,0.4314903108189815
2018-01-23,0.4163616075192689
2018-01-24,0.43177992983184615
2018-01-25,0.44146549087925147
2018-01-26,0.4267525702269137
2018-01-29,0.415128213022097
2018-01-30,0.40923678805478464
2018-01-31,0.40365826966006885
2018-02-01,0.3977828178179287
2018-02-02,0.38893810147790886
2018-02-05,0.37755435301917706
2018-02-06,0.3531295543932666
2018-02-07,0.37783305498516456
2018-02-08,0.36964551933516854
2018-02-09,0.3646829304405127
2018-02-12,0.43269899536080325
2018-02-13,0.46381605609372356
2018-02-14,0.42066943502894977
2018-02-15,0.43489196306019107
2018-02-16,0.43670534127164934
2018-02-19,0.42936472504241696
2018-02-20,0.4112237092232732
2018-02-21,0.40059624234385877
2018-02-22,0.4077240173877256
2018-02-23,0.40722139699652643
2018-02-26,0.40355984568396225
2018-02-27,0.3854703611168393
2018-02-28,0.3758685215242645
2018-03-01,0.3723551022678727
2018-03-02,0.37046625906651887
2018-03-05,0.3651871641847159
2018-03-06,0.3499554198305838
2018-03-07,0.33615577409152103
2018-03-08,0.32936062381635123
2018-03-09,0.30849871702230464
2018-03-12,0.3050466197189866
2018-03-13,0.29843673233283485
2018-03-14,0.3014158806111227
2018-03-15,0.3098500532253022
2018-03-16,0.33069156232609337
2018-03-19,0.311099863965101
2018-03-20,0.3140701240401496
2018-03-21,0.3041258711788647
2018-03-22,0.2954036137755045
2018-03-23,0.27117427870922495
2018-03-26,0.27590496157992356
2018-03-27,0.2683190713219622
2018-03-28,0.2700940979232911
2018-03-29,0.2885686996209597
2018-04-03,0.2826682208253537
2018-04-04,0.2774094490924184
2018-04-05,0.23228680967088033
2018-04-06,0.2384956040241745
2018-04-09,0.2436390724931526
2018-04-10,0.25098855261691433
2018-04-11,0.25386306359253996
2018-04-12,0.2541323795773769
2018-04-13,0.2585560105242055
2018-04-16,0.24719255798851753
2018-04-17,0.24459672657790463
2018-04-18,0.25882505437048053
2018-04-19,0.26184299743186623
2018-04-20,0.2636317053773792
2018-04-23,0.25908128650599627
2018-04-24,0.2512661919445652
2018-04-25,0.24951601697569217
2018-04-26,0.23104261710838472
2018-04-27,0.23740842478024113
2018-04-30,0.24935214722777807
2018-05-02,0.2465609789213831
2018-05-03,0.25159476537242365
2018-05-04,0.2589152715425267
2018-05-07,0.26315591974424474
2018-05-08,0.2690693747413936
2018-05-09,0.27240373468644713
2018-05-10,0.2707963886657324
2018-05-11,0.26433814510281073
2018-05-14,0.25006001180963794
2018-05-15,0.25582689379665907
2018-05-16,0.27961528992042456
2018-05-17,0.28291651445972404
2018-05-18,0.2808193707590446
2018-05-21,0.27884945395260824
2018-05-22,0.29584082220969454
2018-05-23,0.2902716940209834
2018-05-24,0.29277613524327323
2018-05-25,0.3486383463247737
2018-05-28,0.3640738222454664
2018-05-30,0.37158818724430753
2018-05-31,0.35964720541656553
2018-06-01,0.3222393394763617
2018-06-04,0.28000348982927575
2018-06-05,0.27946120329558466
2018-06-06,0.31414301312982984
2018-06-07,0.31022756269440277
2018-06-08,0.3116532451937378
2018-06-11,0.3301452687997992
2018-06-12,0.3344782604067973
2018-06-13,0.3243130470702691
2018-06-14,0.32706560231527426
2018-06-19,0.32619235402129815
2018-06-20,0.3610700618240907
2018-06-21,0.35317542890521736
2018-06-22,0.3487012650187312
2018-06-25,0.34416610972999157
2018-06-26,0.3323907944197037
2018-06-27,0.31766048209982306
2018-06-28,0.31810999281363045
2018-06-29,0.3161868876814536
2018-07-02,0.3129367989766198
2018-07-03,0.3127622794000495
2018-07-04,0.325677732388734
2018-07-05,0.3248814256165485
2018-07-06,0.3247719723443323
2018-07-09,0.313942721906313
2018-07-10,0.31510945946301305
2018-07-11,0.3044379111676232
2018-07-12,0.30040420346200725
2018-07-13,0.3389834668973042
2018-07-16,0.33858929835972934
2018-07-17,0.33941466440119034
2018-07-18,0.35450776656120275
2018-07-19,0.287383693342692
2018-07-20,0.26384835567191606
2018-07-23,0.2631353105639024
2018-07-24,0.26109700068786446
2018-07-25,0.2574671919745243
2018-07-26,0.26352825717485623
2018-07-27,0.2733783408747293
2018-07-30,0.27834651077735595
2018-07-31,0.28197699224958994
2018-08-01,0.2904612499881017
2018-08-02,0.29650146723173965
2018-08-03,0.32529781529345725
2018-08-06,0.32182503421293074
2018-08-07,0.31959541880224657
2018-08-08,0.31733298853334213
2018-08-09,0.3183793391237818
2018-08-10,0.30710551034627487
2018-08-13,0.3087461933256838
2018-08-14,0.31255949509636205
2018-08-15,0.31387353278965524
2018-08-16,0.29010271685960365
2018-08-17,0.281072733031616
2018-08-20,0.2842215340862282
2018-08-23,0.33029456377470784
2018-08-24,0.2911109285513286
2018-08-27,0.29294794402508606
2018-08-28,0.2887677922425288
2018-08-29,0.31854578302116776
2018-08-30,0.30157264473213097
2018-08-31,0.3037846045403283
2018-09-03,0.2942137702260654
2018-09-04,0.2918876084143308
2018-09-05,0.3006414856706904
2018-09-06,0.3092453831914558
2018-09-07,0.32012636321499033
2018-09-10,0.3210030776301627
2018-09-11,0.32519816747780617
2018-09-12,0.346521758492287
2018-09-13,0.3820233746413836
2018-09-14,0.3747172107003557
2018-09-17,0.3884571880387071
2018-09-18,0.37718024503388187
2018-09-19,0.36745696166069697
2018-09-20,0.3638171824778523
2018-09-21,0.35925036863808246
2018-09-24,0.3663772439440467
2018-09-25,0.36075422379776184
2018-09-26,0.3281392159913358
2018-09-27,0.3092336938902317
2018-09-28,0.3091923180661496
2018-10-02,0.3093245778034275
2018-10-03,0.3081756884408996
2018-10-04,0.30346505086278414
2018-10-05,0.2976354814570762
2018-10-08,0.3012195293274793
2018-10-09,0.3013757149115907
2018-10-10,0.3004785296180249
2018-10-11,0.30110730333091984
2018-10-12,0.30591996781757225
2018-10-15,0.30598759974157497
2018-10-16,0.3043398882856227
2018-10-17,0.30271057024257325
2018-10-18,0.3009440535033067
2018-10-19,0.29041900953342736
2018-10-22,0.2840516366591158
2018-10-23,0.2488038641911401
2018-10-24,0.23732657362936438
2018-10-25,0.2368154320206491
2018-10-26,0.24120837027052744
2018-10-29,0.235607627733558
2018-10-30,0.24990534723574437
2018-10-31,0.27605816240667813
2018-11-01,0.28597335334708535
2018-11-02,0.2891132878189248
2018-11-05,0.2798586345566574
2018-11-06,0.25269658691209723
2018-11-07,0.24641097826042008
2018-11-08,0.2489185406320093
2018-11-09,0.2506434970528654
2018-11-12,0.2529817696523424
2018-11-13,0.24477787523996924
2018-11-14,0.24472179153754342
2018-11-15,0.24813324499440306
2018-11-16,0.2886010507443135
2018-11-19,0.27931710843360175
2018-11-21,0.2829240150719251
2018-11-22,0.28536216200584885
2018-11-23,0.2812160557299084
2018-11-26,0.28265283064487023
2018-11-27,0.2965053953685587
2018-11-28,0.3366559758652981
2018-11-29,0.3376501299835318
2018-11-30,0.27939770530577573
2018-12-03,0.2940687387335508
2018-12-04,0.28904739995648887
2018-12-05,0.31164859971136344
2018-12-06,0.31187170789246305
2018-12-07,0.3147696020877263
2018-12-10,0.30971843116671743
2018-12-11,0.2994437511808269
2018-12-12,0.29792111719181735
2018-12-13,0.28455258950678947
2018-12-14,0.2879754428346061
2018-12-17,0.28865873707850165
2018-12-18,0.22435082063556475
2018-12-19,0.21739484087329153
2018-12-20,0.20877697695715539
2018-12-21,0.21666051320729468
2018-12-24,0.19788916334479145
2018-12-27,0.22585549959088932
2018-12-28,0.22354659887401657
2018-12-31,0.2428894032242308
2019-01-02,0.2436110311468287
2019-01-03,0.24344282580278492
2019-01-04,0.27413549777032653
2019-01-07,0.253621040949575
2019-01-08,0.2529832340410546
2019-01-09,0.3007457580159854
2019-01-10,0.29332223576298355
2019-01-11,0.2874681035105363
2019-01-14,0.300996551005579
2019-01-15,0.3028496893200311
2019-01-16,0.3036015592024288
2019-01-17,0.2940328745607285
2019-01-18,0.29503534054314373
2019-01-21,0.30975435483302
2019-01-22,0.3104397073366201
2019-01-23,0.30598670429574026
2019-01-24,0.31609869542758523
2019-01-25,0.3317761025432282
2019-01-28,0.3913397736555483
2019-01-29,0.3804759826415813
2019-01-30,0.38384894514665036
2019-01-31,0.375686514845599
2019-02-01,0.39866714494896344
2019-02-04,0.40752929554533407
2019-02-05,0.4037443989680967
2019-02-06,0.39724812731179215
2019-02-07,0.38464447373400057
2019-02-08,0.3837840958228272
2019-02-11,0.39057240470078813
2019-02-12,0.39264350916339535
2019-02-13,0.38875187392583854
2019-02-14,0.38824691935154404
2019-02-15,0.38402015659981636
2019-02-18,0.38074929706663746
2019-02-19,0.4315602748094375
2019-02-20,0.4290479330716238
2019-02-21,0.42261442537703475
2019-02-22,0.4147876436699166
2019-02-25,0.4104577929581857
2019-02-26,0.3999953626997293
2019-02-27,0.40252239120320316
2019-02-28,0.4193521616691214
2019-03-01,0.4600547410174517
2019-03-04,0.4548694433916472
2019-03-05,0.4580077023198975
2019-03-06,0.452345593785647
2019-03-07,0.4438342808854393
2019-03-08,0.4345164395722632
2019-03-11,0.42261634687419763
2019-03-12,0.37593212022385875
2019-03-13,0.3643435437019523
2019-03-14,0.3602248292559489
2019-03-15,0.35083946580892145
2019-03-18,0.3472450514299529
2019-03-19,0.3461148215598631
2019-03-20,0.3409202651347055
2019-03-21,0.3172714613345424
2019-03-22,0.3102468020270903
2019-03-25,0.3138981351962178
2019-03-26,0.3167294336002516
2019-03-27,0.31532716335824007
2019-03-28,0.3033201726227775
2019-03-29,0.3012400984170423
2019-04-01,0.2935896424779427
2019-04-02,0.289074084742963
2019-04-03,0.29558682725754776
2019-04-04,0.44338490910792017
2019-04-05,0.43395235035390967
2019-04-08,0.42592094092790855
2019-04-09,0.425871606059175
2019-04-10,0.4162116245955986
2019-04-11,0.40900684996278824
2019-04-12,0.40615762352486035
2019-04-15,0.3929454779272884
2019-04-16,0.376677891466611
2019-04-17,0.3896001310982986
2019-04-18,0.33857694815131395
2019-04-23,0.33972000621992127
2019-04-24,0.3225250761270312
2019-04-25,0.3144809241753874
2019-04-26,0.31048615882543606
2019-04-29,0.3181700055522841
2019-04-30,0.31254384484476105
2019-05-02,0.30980831369765643
2019-05-03,0.30942385195369215
2019-05-06,0.3054329186494439
2019-05-07,0.30518679632632306
2019-05-08,0.2876922722735806
2019-05-09,0.28817910004246644
2019-05-10,0.28853073290439324
2019-05-13,0.28630979173028875
2019-05-14,0.28038628288174505
2019-05-15,0.27549165723816066
2019-05-16,0.2783790193227914
2019-05-17,0.30511288300710737
2019-05-20,0.30555925518501637
2019-05-21,0.2988136654540619
2019-05-22,0.28370211745229357
2019-05-23,0.2983463599880329
2019-05-24,0.2946787666577337
2019-05-27,0.29797446470456224
2019-05-28,0.29714898384449917
2019-05-30,0.5424395715353667
2019-05-31,0.5244650187243921
2019-06-03,0.5197854272234279
2019-06-06,0.5074276698357562
2019-06-07,0.4951796133945331
2019-06-10,0.4862195632096326
2019-06-11,0.4774456629519209
2019-06-13,0.4654411750486477
2019-06-14,0.4529821965770763
2019-06-17,0.4408888340085496
2019-06-18,0.4287341681660176
2019-06-19,0.4211653861952677
2019-06-20,0.4170097068126351
2019-06-21,0.4031690781292679
2019-06-24,0.39791800030956753
2019-06-25,0.3905111254113257
2019-06-26,0.3870352581410631
2019-06-27,0.3777891069930786
2019-06-28,0.3657044323368142
2019-07-01,0.28614805061328774
2019-07-02,0.27429527660426556
2019-07-03,0.2847956207939162
2019-07-04,0.28311744172461123
2019-07-05,0.27840371112818385
2019-07-08,0.2767421045845076
2019-07-09,0.2728467494210222
2019-07-10,0.29825765410161403
2019-07-11,0.3007824077357236
2019-07-12,0.29787780588538604
2019-07-15,0.2965546425603601
2019-07-16,0.31973571342180807
2019-07-17,0.3224098883295879
2019-07-18,0.32964478799256725
2019-07-19,0.3270761382608086
2019-07-22,0.31497748127503433
2019-07-23,0.2648873962898918
2019-07-24,0.26407372167755766
2019-07-25,0.26318669275173273
2019-07-26,0.26903816168899447
2019-07-29,0.2688928891497218
2019-07-30,0.26296041458442365
2019-07-31,0.276823395208447
2019-08-01,0.27431715307730364
2019-08-02,0.2823963433762165
2019-08-05,0.28295773724893997
2019-08-06,0.276261859205151
2019-08-07,0.2843988569171822
2019-08-08,0.27977345531115166
2019-08-09,0.356543161902497
2019-08-14,0.3630670764783561
2019-08-15,0.35521878013996566
2019-08-16,0.35493067508170395
2019-08-19,0.3589722946957581
2019-08-20,0.36806454205472905
2019-08-21,0.4052768383001002
2019-08-22,0.3958535177946311
2019-08-23,0.4031855258547766
2019-08-26,0.39980824171153123
2019-08-27,0.3958080473039301
2019-08-28,0.3748295138491452
2019-08-29,0.37998660665027917
2019-08-30,0.37310487986985097
2019-09-02,0.35572456407507946
2019-09-03,0.3334144442312092
2019-09-04,0.3252103332091981
2019-09-05,0.33442748241402853
2019-09-06,0.33145253194400237
2019-09-09,0.29022494014028083
2019-09-10,0.28421433407908214
2019-09-11,0.2979349346028977
2019-09-12,0.30071869443857757
2019-09-13,0.3192241372060852
2019-09-16,0.32588622141932105
2019-09-17,0.3260936461575433
2019-09-18,0.3176067364871086
2019-09-19,0.30806329948585043
2019-09-20,0.31382323528658224
2019-09-23,0.29341431822402
2019-09-24,0.2887984793308266
2019-09-25,0.3363001403489698
2019-09-26,0.32797407764962105
2019-09-27,0.3240866091042752
2019-09-30,0.31825435791913403
2019-10-02,0.30100276825414696
2019-10-03,0.31856802637654524
2019-10-04,0.3201959965852209
2019-10-07,0.3121428168372387
2019-10-08,0.31220448083119245
2019-10-09,0.309832936783801
2019-10-10,0.3037663925616559
2019-10-11,0.2998770652270708
2019-10-14,0.29983431008117584
2019-10-15,0.2891116433606811
2019-10-16,0.2887202819574579
2019-10-17,0.2885374351194626
2019-10-18,0.29604440953489436
2019-10-21,0.30390246912888985
2019-10-22,0.3059428145756705
2019-10-23,0.30813431829165416
2019-10-24,0.2548187618306139
2019-10-25,0.26277058795509073
2019-10-28,0.2744934597313985
2019-10-29,0.2785692934355054
2019-10-30,0.2725592650238987
2019-10-31,0.273525193205173
2019-11-01,0.27059938058238175
2019-11-04,0.27700869112364457
2019-11-05,0.3104258098190586
2019-11-06,0.32142601898712797
2019-11-07,0.32010478090024935
2019-11-08,0.29315554711914943
2019-11-12,0.37568841708761924
2019-11-13,0.36957064559046343
2019-11-14,0.3559602770427981
2019-11-15,0.4608787804843498
2019-11-18,0.44442780685554323
2019-11-19,0.4392230949542545
2019-11-20,0.43301140089412316
2019-11-21,0.4364554419936407
2019-11-22,0.42698755965731416
2019-11-25,0.42194951831572747
2019-11-26,0.4115524643352028
2019-11-27,0.40110332067098764
2019-11-28,0.38870969172815817
2019-11-29,0.39107839278465467
2019-12-02,0.3833054965842015
2019-12-03,0.3806939576078765
2019-12-04,0.37808525519654357
2019-12-05,0.3714592684076976
2019-12-06,0.37288537256727106
2019-12-09,0.35643327507248646
2019-12-10,0.383757078631371
2019-12-11,0.3780327839163469
2019-12-12,0.35257823613704203
2019-12-13,0.35174835030718404
2019-12-16,0.33301842527349246
2019-12-17,0.3091163068076986
2019-12-18,0.3101197947802669
2019-12-19,0.3072604095667627
2019-12-20,0.3035781728898986
2019-12-23,0.30858072858622865
2019-12-24,0.29305731921057293
2019-12-27,0.2862199961043442
2019-12-30,0.2994737238445266
2019-12-31,0.294563154175863
2020-01-02,0.29192446696398067
2020-01-03,0.2876778841056007
2020-01-06,0.31616884361147013
2020-01-07,0.401355417177902
2020-01-08,0.38949051035278803
2020-01-09,0.41603828088872313
2020-01-10,0.3848516027665845
2020-01-13,0.3820817136068662
2020-01-14,0.37315367744565775
2020-01-15,0.3717640639035526
2020-01-16,0.3635689649583099
2020-01-17,0.3841487626413307
2020-01-20,0.38050038197652486
2020-01-21,0.37862742324386717
2020-01-22,0.39780513701717124
2020-01-23,0.3880656509032411
2020-01-24,0.38277542660059094
2020-01-27,0.3791934600553846
2020-01-28,0.3905571814692008
2020-01-29,0.3836747165190129
2020-01-30,0.38198360064921727
2020-01-31,0.3690978396721776
2020-02-03,0.3477307309280338
2020-02-04,0.4351235072405907
2020-02-05,0.43007017815282406
2020-02-06,0.42072004187283907
2020-02-07,0.4451226407529405
2020-02-10,0.4380717369437156
2020-02-11,0.433105286261487
2020-02-12,0.42540076193226906
2020-02-13,0.4198517307752466
2020-02-14,0.388689177504112
2020-02-17,0.39309219816213653
2020-02-18,0.38839076015455215
2020-02-19,0.3848108204999446
2020-02-20,0.3796094898561141
2020-02-21,0.3742362422968505
2020-02-24,0.3201126808312763
2020-02-25,0.48367243080137623
2020-02-26,0.4756568782165541
2020-02-27,0.46542847869670323
2020-02-28,0.4661865347015784
2020-03-02,0.5102369358729518
2020-03-03,0.5105405554851162
2020-03-04,0.5438210942903943
2020-03-05,0.5316587417058635
2020-03-06,0.5196446849769586
2020-03-09,0.5184302765514882
2020-03-10,0.5445246916795652
2020-03-11,0.5569446235086681
2020-03-12,0.5235749700460242
2020-03-13,0.5360358822326943
2020-03-16,0.5105104013657037
2020-03-17,0.48629619139799274
2020-03-18,0.49459882107712244
2020-03-19,0.4779939259367194
2020-03-20,0.48105744531946976
2020-03-23,0.4708952136557012
2020-03-24,0.495181051006049
2020-03-25,0.4843572628324527
2020-03-26,0.47837016497699736
2020-03-27,0.495572008314398
2020-03-30,0.48143196531004423
2020-03-31,0.4864209828823288
2020-04-01,0.47896888342421634
2020-04-02,0.47391922905108397
2020-04-03,0.4768326684192033
2020-04-06,0.49344520346875853
2020-04-07,0.48574141551478833
2020-04-08,0.4817947246965376
2020-04-09,0.47096866724616826
2020-04-14,0.48834795351665994
2020-04-15,0.4810951137623163
2020-04-16,0.4755241949266046
2020-04-17,0.5052235941052726
2020-04-20,0.49755404867861885
2020-04-21,0.48842325298893635
2020-04-22,0.509116394306554
2020-04-23,0.5007173236846166
2020-04-24,0.4938931031545188
2020-04-27,0.47954950256155565
2020-04-28,0.4667184928216942
2020-04-29,0.4623946119933963
2020-04-30,0.45305485394054745
2020-05-04,0.4297184794142369
2020-05-05,0.41055447058478567
2020-05-06,0.4228654271080199
2020-05-07,0.4459890990466066
2020-05-08,0.44879268671520905
2020-05-11,0.439742343031876
2020-05-12,0.4302429896165137
2020-05-13,0.4211018007377971
2020-05-14,0.4133120513637941
2020-05-15,0.4078420829964061
2020-05-18,0.3971226680641048
2020-05-19,0.3874720819557133
2020-05-20,0.4274448582484622
2020-05-21,0.4208167212451488
2020-05-22,0.42526449390128274
2020-05-27,0.41447967841102196
2020-05-28,0.5427551348085148
2020-05-29,0.5383045029531136
2020-06-01,0.5285466351440167
2020-06-02,0.5207200445307986
2020-06-03,0.5064615605862882
2020-06-04,0.4927504277027433
2020-06-05,0.4911955541830363
2020-06-08,0.4666645936943333
2020-06-09,0.46493885748088937
2020-06-10,0.45138441696228637
2020-06-11,0.437120032478928
2020-06-15,0.4281459465697967
2020-06-16,0.44641006901229974
2020-06-17,0.4361558910661277
2020-06-18,0.41222457536194856
2020-06-19,0.4054622454829593
2020-06-22,0.3864277313142878
2020-06-23,0.3819622022459014
2020-06-24,0.37302631865040603
2020-06-25,0.3657928013875596
2020-06-26,0.35989171714090135
2020-06-29,0.3518775839997394
2020-06-30,0.3300027523678281
2020-07-01,0.33541073267835203
2020-07-02,0.32497170127777153
2020-07-03,0.37873701977637975
2020-07-06,0.36495401220876555
2020-07-07,0.34684923335095375
2020-07-08,0.3468064755099336
2020-07-09,0.4080402777985082
2020-07-10,0.4029421609775835
2020-07-13,0.3986617776916036
2020-07-14,0.39733145358097754
2020-07-15,0.4307820294644076
2020-07-16,0.4230589252345244
2020-07-17,0.411423200416852
2020-07-20,0.4023614395976759
2020-07-21,0.39830561541219456
2020-07-22,0.39287160808574895
2020-07-23,0.3892517841478712
2020-07-24,0.3800893869450935
2020-07-27,0.371357734150774
2020-07-28,0.4208572461193271
2020-07-29,0.39911251094423095
2020-08-03,0.3932025820904629
2020-08-04,0.39588911919418557
2020-08-05,0.38266873551076375
2020-08-06,0.36956510250638336
2020-08-07,0.3567124075207902
2020-08-10,0.36617133934497764
2020-08-11,0.35638430531047227
2020-08-12,0.353200932827116
2020-08-13,0.35118823227137846
2020-08-14,0.3484519635203995
2020-08-17,0.3458989161831778
2020-08-18,0.3449257976653211
2020-08-19,0.34236293490826447
2020-08-20,0.3439495532251751
2020-08-21,0.3385609561335962
2020-08-24,0.33890479312676297
2020-08-25,0.3328218740415642
2020-08-26,0.32296181449959055
2020-08-27,0.31493758831865326
2020-08-28,0.3096533393818749
2020-08-31,0.29037132886101824
2020-09-01,0.2993615939649647
2020-09-02,0.3368883491933434
2020-09-03,0.33382695228990367
2020-09-04,0.3303833394242893
2020-09-07,0.3110886956023702
2020-09-08,0.2729443220489066
2020-09-09,0.2520032917145073
2020-09-10,0.28000888138485164
2020-09-11,0.30050264897857987
2020-09-14,0.30373520706296275
2020-09-15,0.3047324139340365
2020-09-16,0.30549490312726457
2020-09-17,0.3184837193448292
2020-09-18,0.31485867173970855
2020-09-21,0.30451282539773467
2020-09-22,0.30592736651616964
2020-09-23,0.3016353841688077
2020-09-24,0.2989145199934038
2020-09-25,0.32575586009365187
2020-09-28,0.3436540851163855
2020-09-29,0.3358012423759287
2020-09-30,0.3271133542676859
2020-10-02,0.33882265484545177
2020-10-05,0.3399766775153005
2020-10-06,0.4522950926935122
2020-10-07,0.528614215191366
2020-10-08,0.5167200865269461
2020-10-09,0.5112900866764962
2020-10-12,0.5018288422297917
2020-10-13,0.4931738799383343
2020-10-14,0.4800307578066718
2020-10-15,0.4704977055141759
2020-10-16,0.46059058890437876
2020-10-19,0.5069887613990596
2020-10-20,0.49362800329886475
2020-10-21,0.4835402737793662
2020-10-22,0.48071553706585546
2020-10-23,0.4689844326118636
2020-10-26,0.46826779076396374
2020-10-27,0.45839319585703925
2020-10-28,0.45396572302001575
2020-10-30,0.4391648050403581
2020-11-02,0.4802313513124671
2020-11-03,0.46983643564389366
2020-11-04,0.45929751959432236
2020-11-05,0.451024528966616
2020-11-06,0.443457984963546
2020-11-09,0.5191078212038147
2020-11-10,0.564176808847716
2020-11-11,0.551131178806823
2020-11-12,0.5590094314550221
2020-11-13,0.5877324781992627
2020-11-16,0.582542893726019
2020-11-17,0.578833429337546
2020-11-18,0.5619571592723217
2020-11-19,0.5514374941121272
2020-11-20,0.5416996821177434
2020-11-23,0.533445786176431
2020-11-24,0.5669243710813691
2020-11-25,0.5530880078292256
2020-11-26,0.5460951168484187
2020-11-27,0.5237370147950383
2020-11-30,0.5101455027424997
2020-12-01,0.4956492365298276
2020-12-02,0.481052163544094
2020-12-03,0.4507779943148746
2020-12-04,0.45186842759571116
2020-12-07,0.4385837849663191
2020-12-08,0.43105351333343356
2020-12-09,0.4224502180843074
2020-12-10,0.4161514974517043
2020-12-11,0.5338144183107049
2020-12-14,0.5345549925224193
2020-12-15,0.5242700790670703
2020-12-16,0.5122479547437516
2020-12-17,0.5079426132270598
2020-12-18,0.4947379616820694
2020-12-21,0.4840168783257538
2020-12-22,0.4818557954967629
2020-12-23,0.4572914079994327
2020-12-24,0.44940088520091753
2020-12-29,0.4371118698227782
2020-12-30,0.4193549531081649
2020-12-31,0.4052400755962039
2021-01-04,0.3927148974732007
2021-01-05,0.48630343425732264
2021-01-06,0.4896441409983924
2021-01-07,0.48064824811245793
2021-01-08,0.4727031706521651
2021-01-11,0.46807076386196933
2021-01-12,0.45973510994010186
2021-01-13,0.45302452314712466
2021-01-14,0.44421101162369664
2021-01-15,0.47452912676480513
2021-01-18,0.46551732925279127
2021-01-19,0.43787002993779567
2021-01-20,0.4232758447853525
2021-01-21,0.4032927596289818
2021-01-22,0.395613968573295
2021-01-25,0.3859923574531483
2021-01-26,0.38319009639425816
2021-01-27,0.37474097722196636
2021-01-28,0.3825207100126299
2021-01-29,0.3724852210620875
2021-02-01,0.36713859603031446
2021-02-02,0.36096824648139014
2021-02-03,0.42249908238614875
2021-02-04,0.40467632215418964
2021-02-05,0.3998973762114484
2021-02-08,0.3187843456393889
2021-02-09,0.30346249770936556
2021-02-10,0.3053523967907738
2021-02-11,0.3525262489824098
2021-02-12,0.35258222394339744
2021-02-15,0.3522452612741014
2021-02-16,0.3598159184804648
2021-02-17,0.3585625253545439
2021-02-18,0.3501020326630642
2021-02-19,0.3635317836950936
2021-02-22,0.3597425244713618
2021-02-23,0.35818715395954115
2021-02-24,0.3503619803659278
2021-02-25,0.35804659914942416
2021-02-26,0.36209905069174886
2021-03-01,0.35756813630872825
2021-03-02,0.3276356613549004
2021-03-03,0.3180626507969123
2021-03-04,0.3180531199697034
2021-03-05,0.3325467927139766
2021-03-08,0.3271265068078262
2021-03-09,0.3126182815948309
2021-03-10,0.33031976500017307
2021-03-11,0.3311667527884435
2021-03-12,0.3275275691208674
2021-03-15,0.32432081144226144
2021-03-16,0.2934907297904015
2021-03-17,0.31118512815783195
2021-03-18,0.31090795980111013
2021-03-19,0.3233651295580562
2021-03-22,0.3370743607409287
2021-03-23,0.32495173474045824
2021-03-24,0.32112745336683524
2021-03-25,0.32071006487250264
2021-03-26,0.3193842155911789
2021-03-29,0.3191486260716777
2021-03-30,0.30569684675400877
2021-03-31,0.3026932290332658
2021-04-01,0.29814762689081054
2021-04-06,0.2853666800607882
2021-04-07,0.2846366501225456
2021-04-08,0.3043753961782956
2021-04-09,0.3132144380911083
2021-04-12,0.31491337440679673
2021-04-13,0.3141018954143801
2021-04-14,0.3124482209548652
2021-04-15,0.3097654308804353
2021-04-16,0.3038723884225602
2021-04-19,0.24341233982819163
2021-04-20,0.251339039451246
2021-04-21,0.25731987894872255
2021-04-22,0.2022818235509658
2021-04-23,0.20409505135593795
2021-04-26,0.21012271573658428
2021-04-27,0.2169880587832961
2021-04-28,0.22999095442960665
2021-04-29,0.23637166940360252
2021-04-30,0.2720712393869597
2021-05-04,0.2732252576800599
2021-05-05,0.25624021742128356
2021-05-06,0.22808820353579673
2021-05-07,0.23774035208050853
2021-05-10,0.2409570676866391
2021-05-11,0.253111347531112
2021-05-14,0.2534860219675448
2021-05-17,0.25943832744446454
2021-05-18,0.24717784197666318
2021-05-19,0.25226974511433997
2021-05-20,0.24961878974925894
2021-05-21,0.24779702511430274
2021-05-24,0.25187309570121463
2021-05-25,0.25971702543712893
2021-05-26,0.26455110555298733
2021-05-27,0.26575464943796206
2021-05-28,0.26566421066028745
2021-05-31,0.2730106884806863
2021-06-01,0.26944297941556156
2021-06-02,0.271910245801525
2021-06-03,0.27400659696997465
2021-06-04,0.2773655044577949
2021-06-07,0.2821170879865337
2021-06-08,0.28281217959854166
2021-06-09,0.2856123369198035
2021-06-10,0.2783904424426937
2021-06-11,0.28077448108412123
2021-06-15,0.2866124511298997
2021-06-16,0.26060231378446763
2021-06-17,0.25202601082130804
2021-06-25,0.2624963381960681
2021-06-28,0.2802532746898588
2021-06-29,0.2769062323861385
2021-06-30,0.277534875120603
2021-07-01,0.2801733340159645
2021-07-02,0.2779318776608225
2021-07-05,0.28434031065319854
2021-07-06,0.2877893236358206
2021-07-07,0.358347525142905
2021-07-08,0.35857348861281135
2021-07-09,0.3603380300587452
2021-07-12,0.3559617922347574
2021-07-13,0.34658998059182533
2021-07-14,0.3338010903073821
2021-07-15,0.3304599512995698
2021-07-16,0.3264302848595128
2021-07-19,0.3388242961266131
2021-07-22,0.33840424760516397
2021-07-23,0.33203372529926317
2021-07-26,0.33325301682105435
2021-07-27,0.324886725658895
2021-07-28,0.3226596402953392
2021-07-29,0.329524766396017
2021-07-30,0.33775073680200957
2021-08-02,0.32945088412444345
2021-08-03,0.32821003341916344
2021-08-04,0.3427100340445318
2021-08-05,0.33546849590743066
2021-08-06,0.33940933155428504
2021-08-09,0.3391603516508754
2021-08-10,0.33707479556267667
2021-08-11,0.3318661225835614
2021-08-12,0.3296599402488489
2021-08-13,0.319612467335826
2021-08-16,0.3180107552009245
2021-08-17,0.31426514753960255
2021-08-18,0.3144663360113644
2021-08-19,0.3056541246858778
2021-08-20,0.30427573696005467
2021-08-23,0.30291224838338693
2021-08-24,0.300996094532592
2021-08-25,0.288992399847125
2021-08-26,0.29417713023560915
2021-08-27,0.29280002114250825
2021-08-30,0.2909361881241791
2021-08-31,0.2901870116149315
2021-09-01,0.28257755388245964
2021-09-02,0.284433852846791
2021-09-03,0.2992797388621723
2021-09-06,0.3005195971602232
2021-09-07,0.2894149276273513
2021-09-08,0.29038729371259303
2021-09-09,0.28733873241775454
2021-09-10,0.2620680117466684
2021-09-13,0.25203823361186134
2021-09-14,0.24903499503639415
2021-09-15,0.2541268680028571
2021-09-16,0.25423712737332504
2021-09-17,0.2611638887503762
2021-09-20,0.21446969146867395
2021-09-21,0.2223301448265552
2021-09-22,0.22250295740257436
2021-09-23,0.22990583150215774
2021-09-24,0.2367054463784511
2021-09-27,0.22532875700501576
2021-09-28,0.22885381061089563
2021-09-29,0.2330493217355408
2021-09-30,0.25110496856451797
2021-10-04,0.25506703851749535
2021-10-05,0.2615224910049436
2021-10-06,0.35507792997877435
2021-10-07,0.34444055054761885
2021-10-08,0.3466134358277898
2021-10-11,0.34307619146133633
2021-10-12,0.33204267396694825
2021-10-13,0.3391666716850212
2021-10-14,0.358132258431486
2021-10-15,0.3459039137065048
2021-10-18,0.33940580322309283
2021-10-20,0.3337480483556613
2021-10-21,0.3303488649401731
2021-10-22,0.3282029144129213
2021-10-25,0.3243158157545215
2021-10-26,0.32147200728050007
2021-10-27,0.3170225144200586
2021-10-28,0.2976066804037282
2021-10-29,0.2964546397713647
2021-11-01,0.28706323618800084
2021-11-02,0.29729308293342704
2021-11-03,0.31544531760010414
2021-11-04,0.3028797729454224
2021-11-05,0.29562748736467387
2021-11-08,0.3093604658622204
2021-11-09,0.30806495915647486
2021-11-10,0.3070191570461045
2021-11-11,0.3069518951515449
2021-11-12,0.31029728535286527
2021-11-15,0.3125692673500974
2021-11-16,0.30621886560298356
2021-11-17,0.29110941137002866
2021-11-18,0.28994382925861384
2021-11-19,0.289043821607315
2021-11-22,0.3002397028675092
2021-11-23,0.3094796343947744
2021-11-24,0.3064664761193149
2021-11-25,0.30046035497577267
2021-11-26,0.3008979248360397
2021-11-29,0.3040764266630417
2021-11-30,0.30073392452025666
2021-12-01,0.26553705157982205
2021-12-02,0.2631553272510304
2021-12-03,0.26386196187318695
2021-12-06,0.27331434509752645
2021-12-07,0.2702568067784602
2021-12-08,0.260648293106411
2021-12-09,0.2631621764449633
2021-12-10,0.2882754726530674
2021-12-13,0.30424665414089186
2021-12-14,0.30731142280543144
2021-12-15,0.3080364349187244
2021-12-16,0.30471162665910034
2021-12-17,0.3045829517173084
2021-12-20,0.30548641220856343
2021-12-21,0.30747656580551325
2021-12-22,0.30987284258112513
2021-12-23,0.3120617934774204
2021-12-24,0.30369851154641203
2021-12-29,0.302083083441637
2021-12-30,0.3094600243115798
2021-12-31,0.31457074715232614
2022-01-04,0.31094544606447305
2022-01-05,0.31033938620968016
2022-01-06,0.3102476137524578
2022-01-07,0.31764080521424576
2022-01-10,0.3017634822761524
2022-01-11,0.2837919618157578
2022-01-12,0.28533401686812676
2022-01-13,0.288261844332231
2022-01-14,0.29179811796464444
2022-01-17,0.2912707660972923
2022-01-18,0.293658326568586
2022-01-19,0.30498583563362586
2022-01-20,0.3069102717647187
2022-01-21,0.31078865246433507
2022-01-24,0.3076809620230624
2022-01-25,0.32026812069382665
2022-01-26,0.32149158193965216
2022-01-27,0.3153534118502366
2022-01-28,0.3122908770309012
2022-01-31,0.3577331012549066
2022-02-01,0.330593999831982
2022-02-02,0.3515221331473792
2022-02-03,0.3482615677773939
2022-02-04,0.34783733801290284
2022-02-07,0.34209269092003386
2022-02-08,0.3379261456188523
2022-02-09,0.33757386702411446
2022-02-10,0.3368814012524622
2022-02-11,0.33917157020627436
2022-02-14,0.35395810490783663
2022-02-15,0.35088933482211315
2022-02-16,0.3431765524065056
2022-02-17,0.34163593829180916
2022-02-18,0.3427116465298024
2022-02-21,0.34074635231818845
2022-02-22,0.3423077640212858
2022-02-23,0.33478920377801674
2022-02-24,0.33165291626096166
2022-02-25,0.3258354393633832
2022-02-28,0.32379471130737175
2022-03-01,0.3216698242299307
2022-03-02,0.3183646005475998
2022-03-03,0.3526383383481952
2022-03-04,0.3561962001216493
2022-03-07,0.3461959630156867
2022-03-08,0.3478353652306484
2022-03-09,0.34025858363039463
2022-03-10,0.3276337372833675
2022-03-11,0.32537165355482023
2022-03-14,0.32381283645424797
2022-03-15,0.32008142571477194
2022-03-16,0.2943556890211636
2022-03-17,0.28496715975058695
2022-03-18,0.2852392577776482
2022-03-21,0.24543297847984977
2022-03-22,0.20654926810680738
2022-03-23,0.21094168330211077
2022-03-30,0.21801450721965435
2022-03-31,0.2274242729310659
2022-04-01,0.16763322782830015
2022-04-04,0.17365336061708003
2022-04-05,0.19025992670556863
2022-04-06,0.2122385773025174
2022-04-07,0.21544415052571528
2022-04-08,0.2210562239606398
2022-04-11,0.23617549686605432
2022-04-12,0.24520052068289733
2022-04-13,0.2180973315589938
2022-04-14,0.22538018135020588
2022-04-19,0.23099189056281572
2022-04-20,0.22523841184040308
2022-04-21,0.24415612558604574
2022-04-22,0.2492919303865399
2022-04-25,0.2612943747346542
2022-04-26,0.2670959673132408
2022-04-27,0.27073225159591885
2022-04-28,0.27197974483640974
2022-04-29,0.2785136784275669
2022-05-04,0.27785063656159015
2022-05-05,0.288668430206288
2022-05-06,0.2854624313824937
2022-05-09,0.28471510276782286
2022-05-10,0.28338849398437577
2022-05-11,0.2793634578433234
2022-05-12,0.2815655816347517
2022-05-13,0.282813009831862
2022-05-16,0.2727662227116432
2022-05-17,0.27217944266863964
2022-05-18,0.2665588485550594
2022-05-19,0.26311928807180845
2022-05-20,0.264579202730558
2022-05-23,0.2732904218370079
2022-05-24,0.27210502596348346
2022-05-25,0.27866095079071157
2022-05-26,0.39308050523229643
2022-05-27,0.40217256440005944
2022-05-30,0.39694982237863324
2022-05-31,0.3881934569403203
2022-06-01,0.38504144232171644
2022-06-02,0.3708520829668032
2022-06-03,0.36929030174251
2022-06-06,0.3622086743110241
2022-06-07,0.3578082630434788
2022-06-08,0.3513738610155677
2022-06-09,0.3510411804031053
2022-06-10,0.35551720310190255
2022-06-14,0.3485094603526714
2022-06-15,0.3455159215870983
2022-06-16,0.3560978207653866
2022-06-17,0.3485915566455947
2022-06-20,0.38430813494456295
2022-06-21,0.3604615046771108
2022-06-22,0.3547250023685516
2022-06-23,0.3502275864793072
2022-06-24,0.33872731785628074
2022-06-27,0.33751400238365453
2022-06-28,0.33338439800992214
2022-06-29,0.31742233225103655
2022-06-30,0.3147326217922786
2022-07-01,0.3159704521102583
2022-07-04,0.3094315504496434
2022-07-05,0.3036933482030305
2022-07-06,0.2816349448007453
2022-07-07,0.2813308563668372
2022-07-08,0.2725741938070499
2022-07-13,0.2656869978621105
2022-07-14,0.25325035117715117
2022-07-15,0.2448529497378388
2022-07-18,0.24204026890166758
2022-07-19,0.2461940543274368
2022-07-20,0.24646094592060203
2022-07-21,0.2568623901043794
2022-07-22,0.2610588423336281
2022-07-25,0.23735556090278492
2022-07-26,0.2308400974052894
2022-07-27,0.23561996670844537
2022-07-28,0.2465714252243975
2022-07-29,0.276945719911524
2022-08-01,0.32187907108022584
2022-08-02,0.32176191482951577
2022-08-03,0.3189200948698194
2022-08-04,0.31972266822140905
2022-08-05,0.3195565966062732
2022-08-08,0.32030651968876256
2022-08-09,0.32289993281592777
2022-08-10,0.32325249693105923
2022-08-11,0.32311991493578224
2022-08-12,0.3191738192822765
2022-08-15,0.3140260828248168
2022-08-16,0.3008531475520919
2022-08-17,0.3025314824006638
2022-08-18,0.3050895740241897
2022-08-19,0.29914172199137923
2022-08-22,0.2984625655655024
2022-08-23,0.30029062224884234
2022-08-24,0.3027744206362691
2022-08-25,0.30625338842256655
2022-08-26,0.3009042388092661
2022-08-29,0.3011332383404198
2022-08-30,0.3017513504792193
2022-08-31,0.3041171167196565
2022-09-01,0.30158576963586564
2022-09-02,0.24531751295003534
2022-09-05,0.24567768805262533
2022-09-06,0.2447777037878091
2022-09-07,0.2581775053066876
2022-09-08,0.26237707084332146
2022-09-09,0.26103057721484946
2022-09-12,0.25690355028608247
2022-09-13,0.24783543861937227
2022-09-14,0.25332489373132805
2022-09-15,0.2545936000507581
2022-09-16,0.2524114268646073
2022-09-19,0.26517047294177143
2022-09-20,0.26810787376107986
2022-09-21,0.24867676382053966
2022-09-22,0.244737999165062
2022-09-23,0.24805863634715397
2022-09-26,0.20686348586803832
2022-09-27,0.21029829264740457
2022-09-28,0.21157863488356893
2022-09-29,0.22933010225602982
2022-09-30,0.23228595070055622
2022-10-04,0.23646090334743652
2022-10-05,0.31007256851969806
2022-10-06,0.31178736020074893
2022-10-07,0.298370868900259
2022-10-11,0.3008603169049014
2022-10-12,0.2671651542253047
2022-10-13,0.2727692214309407
2022-10-14,0.2872320351267403
2022-10-17,0.268330258226511
2022-10-18,0.27585810597371
2022-10-19,0.2852329226237006
2022-10-20,0.2845087298328668
2022-10-21,0.2865664489442272
2022-10-24,0.28849375168232927
2022-10-25,0.2931518606981719
2022-10-26,0.29412585866881
2022-10-27,0.287979222511148
2022-10-28,0.2749406651870405
2022-10-31,0.25149124352736185
2022-11-01,0.24736760538808333
2022-11-02,0.2499355973466347
2022-11-03,0.23191008181122488
2022-11-04,0.23656982509576255
2022-11-07,0.24001652725767686
2022-11-08,0.24613502793956207
2022-11-09,0.2513984618915012
2022-11-10,0.2523853744584622
2022-11-11,0.25754842257237753
2022-11-14,0.262139593496971
2022-11-15,0.2573537103588757
2022-11-16,0.2569037688532464
2022-11-17,0.33002023478986525
2022-11-18,0.32933142381918257
2022-11-21,0.30529670828944866
2022-11-22,0.3131749635698605
2022-11-23,0.309952019037082
2022-11-24,0.31670346697129625
2022-11-25,0.32785186728291205
2022-11-28,0.32477149707354797
2022-11-29,0.32498558193145544
2022-11-30,0.3093716898828897
2022-12-01,0.31371584452995505
2022-12-02,0.33125553741237024
2022-12-05,0.29332139540905644
2022-12-06,0.3038993657539402
2022-12-07,0.30630727008554004
2022-12-08,0.308177092816554
2022-12-09,0.3083748082398737
2022-12-12,0.31459643323488
2022-12-13,0.3046451569187728
2022-12-14,0.3029801373336209
2022-12-15,0.30577857238322476
2022-12-16,0.292223677840179
2022-12-19,0.2946514232211159
2022-12-20,0.2941086315743263
2022-12-21,0.29154623196578555
2022-12-22,0.2941972587272483
2022-12-23,0.29214739989525906
2022-12-28,0.3122466904012682
2022-12-29,0.3270858661929047
2022-12-30,0.2942949857998786
2023-01-03,0.3300973930258554
2023-01-04,0.34108596610283826
2023-01-05,0.33688488955963314
2023-01-06,0.3349212032216782
2023-01-09,0.3321370410477158
2023-01-10,0.3306260040725764
2023-01-11,0.3308926593348495
2023-01-12,0.33705917257730694
2023-01-13,0.37178224917063235
2023-01-16,0.370761118153628
2023-01-17,0.4029465858091478
2023-01-18,0.398467102455062
2023-01-19,0.3967250649213131
2023-01-20,0.39139942927044097
2023-01-23,0.38244084026379443
2023-01-24,0.37614870311511667
2023-01-25,0.36510369147159505
2023-01-26,0.35094942909221205
2023-01-27,0.34142180588612725
2023-01-30,0.3292727748353796
2023-01-31,0.3304554823447162
2023-02-01,0.3302375463794198
2023-02-02,0.3240010964422762
2023-02-03,0.3055183456214744
2023-02-06,0.3097851935451249
2023-02-07,0.3119355101277577
2023-02-08,0.3115943972893079
2023-02-09,0.31019136287798615
2023-02-10,0.3119927034190047
2023-02-13,0.3147925784420783
2023-02-14,0.2975763053681231
2023-02-15,0.2931934539022928
2023-02-16,0.29815571870615204
2023-02-17,0.3001141171710742
2023-02-20,0.3034585720775576
2023-02-21,0.3049342241189521
2023-02-22,0.31001831652870404
2023-02-23,0.31101240676824365
2023-02-24,0.31898680908284877
2023-02-27,0.3299757880288693
2023-02-28,0.33275265683735944
2023-03-01,0.3826932808840823
2023-03-02,0.38187956108668814
2023-03-03,0.380893291222333
2023-03-06,0.37252148454575257
2023-03-07,0.3644202065675116
2023-03-08,0.3838761097654742
2023-03-09,0.37315469976434257
2023-03-10,0.3684777356095271
2023-03-13,0.3645582768626783
2023-03-14,0.4019894537574903
2023-03-15,0.38212522273371363
2023-03-16,0.35776306545586917
2023-03-17,0.3326067028452476
2023-03-20,0.3287722842230588
2023-03-21,0.33736934665401697
2023-03-22,0.332431997646772
2023-03-23,0.3247402600981699
2023-03-24,0.3241469793593037
2023-03-27,0.32601313420741035
2023-03-28,0.32465084763404617
2023-03-29,0.32541732117437316
2023-03-30,0.35209589554373116
2023-03-31,0.3511996036946945
2023-04-03,0.3136302931177025
2023-04-04,0.3142440826071288
2023-04-05,0.3110105341249788
2023-04-06,0.3100081899989581
2023-04-11,0.3022855122519422
2023-04-12,0.29873882458477025
2023-04-13,0.30230570774898746
2023-04-14,0.2942878994839876
2023-04-17,0.269489196108662
2023-04-18,0.21253752223891675
2023-04-19,0.21529845617718008
2023-04-20,0.22104894511482326
2023-04-25,0.2195070496860973
2023-04-26,0.22328961144888684
2023-04-27,0.21770286098812514
2023-04-28,0.22066863841108314
2023-05-02,0.22661711261637282
2023-05-03,0.15933073444496415
2023-05-04,0.16947050942370306
2023-05-05,0.17581609703433854
2023-05-08,0.18679619419531424
2023-05-09,0.20716608734989847
2023-05-10,0.20979846748951658
2023-05-11,0.19603057284370246
2023-05-12,0.18935028998352516
2023-05-15,0.1944157078805448
2023-05-16,0.20054101610676733
2023-05-17,0.23430333490167854
2023-05-18,0.2431701974268278
2023-05-19,0.24509244020814291
2023-05-22,0.24648953605303117
2023-05-23,0.25386587511791153
2023-05-24,0.2821413793761378
2023-05-25,0.2685885308203452
2023-05-26,0.27123265370744143
2023-05-30,0.30140680734898345
2023-05-31,0.43412056835395363
2023-06-01,0.4325989953644349
2023-06-02,0.42480957060593366
2023-06-05,0.41283053836888717
2023-06-06,0.4030266586125698
2023-06-07,0.39963084927982867
2023-06-08,0.3933609646137393
2023-06-09,0.38874616159880004
2023-06-13,0.38027365268317864
2023-06-14,0.5070996617285983
2023-06-15,0.5448616282311696
2023-06-16,0.5393428052874775
2023-06-19,0.5300973585685317
2023-06-20,0.5253968319083595
2023-06-21,0.5166951468530887
2023-06-22,0.5074588228936954
2023-06-23,0.48308580421648795
2023-06-26,0.47500429647194264
2023-06-27,0.46200965270492145
2023-06-30,0.47798990980777323
2023-07-03,0.4653110491544957
2023-07-04,0.5203815121739953
2023-07-05,0.5236904370943238
2023-07-06,0.5186982841955716
2023-07-07,0.5107301577322311
2023-07-10,0.5093236617118925
2023-07-11,0.48698556267739634
2023-07-12,0.4836378364350553
2023-07-13,0.4678614351198308
2023-07-14,0.5025808092378534
2023-07-17,0.4968598541510663
2023-07-18,0.508869414517761
2023-07-19,0.49039753749920545
2023-07-20,0.4786184939942542
2023-07-21,0.47119013859680126
2023-07-24,0.5573671131964024
2023-07-25,0.5367363392315131
2023-07-26,0.5263008903120456
2023-07-27,0.5104531892739675
2023-07-28,0.49605294879869566
2023-07-31,0.487081603667672
2023-08-01,0.4822394237836859
2023-08-02,0.47530547783876587
2023-08-03,0.463463624490155
2023-08-04,0.46563623416482497
2023-08-07,0.45169488916325057
2023-08-08,0.4384505766712081
2023-08-09,0.4436279884590236
2023-08-10,0.43068126046458965
2023-08-11,0.4235296223442876
2023-08-14,0.4174432349881673
2023-08-15,0.42548682548881656
2023-08-16,0.4172443791808552
2023-08-17,0.4109935102637122
2023-08-18,0.39239211082529213
2023-08-21,0.36942113955173006
2023-08-22,0.3639606460463927
2023-08-23,0.36635437084400146
2023-08-24,0.3691309376559705
2023-08-25,0.36911519528426934
2023-08-28,0.35971651522036685
2023-08-29,0.35042293408463915
2023-08-30,0.3585695277764591
2023-08-31,0.35008857071495275
2023-09-01,0.34973160992574953
2023-09-04,0.5140428140670237
2023-09-05,0.5122314398561852
2023-09-06,0.5027856645863128
2023-09-07,0.49379934505057976
2023-09-08,0.4859682751059776
2023-09-11,0.47679611101584063
2023-09-12,0.5508924057180078
2023-09-13,0.54028067240264
2023-09-14,0.5311568852158846
2023-09-15,0.5073041442238093
2023-09-18,0.4966885481984612
2023-09-19,0.48170951653267496
2023-09-20,0.4720607230302014
2023-09-21,0.46220063350882723
2023-09-22,0.4510822458283693
2023-09-25,0.44262238505271245
2023-09-26,0.4412701738549497
2023-09-28,0.4440798978810732
2023-09-29,0.42485688214575107
2023-10-03,0.4218489546096609
2023-10-04,0.41003882361124777
2023-10-05,0.40393368592752016
2023-10-06,0.39990839091027597
2023-10-09,0.3929531919023873
2023-10-10,0.3897423252309765
2023-10-11,0.38689008293347804
2023-10-12,0.3801089695570399
2023-10-13,0.3738290578241813
2023-10-16,0.36920226666399225
2023-10-17,0.3709816627321404
2023-10-18,0.3982725340399054
2023-10-19,0.390851824326537
2023-10-20,0.3828360971823798
2023-10-23,0.37629814412823154
2023-10-24,0.3696265201374274
2023-10-25,0.3704915624040003
2023-10-26,0.3424783254885823
2023-10-27,0.33484784596211303
2023-10-30,0.33593753829897127
2023-10-31,0.3482668218370638
2023-11-01,0.3133585763172036
2023-11-02,0.36312224261164483
2023-11-03,0.3689705586406351
2023-11-06,0.3654320669294419
2023-11-07,0.3609571635493481
2023-11-08,0.35281775336652776
2023-11-09,0.35163684989288163
2023-11-10,0.3481460359034493
2023-11-13,0.34652281574640725
2023-11-14,0.34290543669481044
2023-11-15,0.33483951438382603
2023-11-16,0.3185818928280305
2023-11-17,0.3195035316470305
2023-11-20,0.3202169819501723
2023-11-21,0.32063656403500546
2023-11-22,0.3234231983304909
2023-11-23,0.27171127533978334
2023-11-24,0.27316385529133996
2023-11-27,0.29131869450432557
2023-11-28,0.3167990052522643
2023-11-29,0.31247118579886746
2023-11-30,0.31508750105625916
2023-12-01,0.2999281531728991
2023-12-04,0.29954085947125453
2023-12-05,0.28562963543682907
2023-12-06,0.28835486700830126
2023-12-07,0.33804199005119767
2023-12-08,0.3540787785436632
2023-12-11,0.34062553773734405
2023-12-12,0.33952553738023494
2023-12-13,0.33733070379111957
2023-12-14,0.3753922980424444
2023-12-15,0.37534685402669865
2023-12-18,0.3738757463273991
2023-12-19,0.3706058391314799
2023-12-20,0.3716940424335814
2023-12-21,0.37139999045899064
2023-12-22,0.3735303013704714
2023-12-27,0.36835347427751747
2023-12-28,0.36468079771537765
2023-12-29,0.3613550966472669
2024-01-02,0.3634746032450926
2024-01-03,0.3549905553851511
2024-01-04,0.5851149941746083
2024-01-05,0.5682548133967484
2024-01-08,0.5669656257949637
2024-01-09,0.5578121270027803
2024-01-10,0.610676079290327
2024-01-11,0.6166633483146938
2024-01-12,0.6063361836452066
2024-01-15,0.5914886350438386
2024-01-16,0.5756630343226303
2024-01-17,0.577620523294104
2024-01-18,0.5684968367701975
2024-01-19,0.55911202717359
2024-01-22,0.535073371394142
2024-01-23,0.521191584736455
2024-01-24,0.5269445067167338
2024-01-25,0.5148616014224661
2024-01-26,0.5005119421727011
2024-01-29,0.48017471329197636
2024-01-30,0.4731532504875348
2024-01-31,0.6038252673984598
2024-02-01,0.6195952044077984
2024-02-02,0.6297328121484902
2024-02-05,0.6202195740011127
2024-02-06,0.6081827329545156
2024-02-07,0.596403731536616
2024-02-08,0.585105012097204
2024-02-09,0.5652624971841578
2024-02-12,0.5556888255856413
2024-02-13,0.534403608326546
2024-02-14,0.5260560787922236
2024-02-15,0.49892194973106496
2024-02-16,0.4937793269014632
2024-02-19,0.4760773507388086
2024-02-20,0.46585104381636383
2024-02-21,0.46024315670722754
2024-02-22,0.4360391002743188
2024-02-23,0.40647354936788477
2024-02-26,0.39251192996886103
2024-02-27,0.362773447919583
2024-02-28,0.3759855402868535
2024-02-29,0.46609724775739564
2024-03-01,0.481167316247164
2024-03-04,0.4761017777408697
2024-03-05,0.4683607995114233
2024-03-06,0.44781815312602385
2024-03-07,0.4253777109548159
2024-03-08,0.42460508549226345
2024-03-11,0.4192188868728429
2024-03-12,0.41553950780162746
2024-03-13,0.46420929169167663
2024-03-14,0.4559584689547324
2024-03-15,0.4408481719667627
2024-03-18,0.41767946169779613
2024-03-19,0.39552199142894573
2024-03-20,0.382763940794583
2024-03-21,0.3757531676533798
2024-03-22,0.37477038954185354
2024-03-25,0.3755826302709906
2024-03-26,0.3786673193711884
2024-03-27,0.3609113382304604
2024-03-28,0.36976032759159727
2024-04-02,0.3703112785401263
2024-04-03,0.3647831265025102
2024-04-04,0.38155550753117734
2024-04-05,0.40883263462218905
2024-04-08,0.4093362438537286
2024-04-12,0.42010054066522445
2024-04-15,0.40625447443035323
2024-04-16,0.41969525976644845
2024-04-17,0.4537363494058379
2024-04-18,0.43864365044288434
2024-04-19,0.4285979285591905
2024-04-22,0.42481729609921387
2024-04-23,0.4051735279721008
2024-04-24,0.408785663880505
2024-04-25,0.39901409397390825
2024-04-26,0.3935117601021088
2024-04-29,0.3584701451566291
2024-04-30,0.32086298444439293
2024-05-02,0.3204933184364271
2024-05-03,0.35328795296147986
2024-05-06,0.3656031046448331
2024-05-07,0.37032899045658346
2024-05-08,0.3705501037567001
2024-05-09,0.36859309317596695
2024-05-10,0.3654251238071861
2024-05-13,0.36129342031873063
2024-05-14,0.3087624788866961
2024-05-15,0.31072692294242865
2024-05-16,0.31683007334204805
2024-05-17,0.36761631352706126
2024-05-20,0.3652278976596365
2024-05-21,0.3639051152615454
2024-05-22,0.35750373363609117
2024-05-23,0.35470747955371273
2024-05-24,0.3514783730253012
2024-05-27,0.3384250609775111
2024-05-28,0.3575555152621204
2024-05-29,0.36177296222899147
2024-05-30,0.3734328581403286
2024-05-31,0.3739752081490673
2024-06-03,0.37074491820776406
2024-06-04,0.3666192122161531
2024-06-05,0.36304320361550746
2024-06-06,0.35720440660284963
2024-06-07,0.35669143872668857
2024-06-10,0.3554078106155454
2024-06-11,0.35067515948786115
2024-06-13,0.3399884122996289
2024-06-14,0.3402924040108165
2024-06-19,0.33963335912079506
2024-06-20,0.3252516229993104
2024-06-21,0.31580064698539
2024-06-24,0.3174629446851235
2024-06-25,0.3185175682733087
2024-06-26,0.3153052068891979
2024-06-27,0.315867508843243
2024-06-28,0.3184327913336709
2024-07-01,0.3204248969011279
2024-07-02,0.296184510311551
2024-07-03,0.30017461002670576
2024-07-04,0.3032237199054878
2024-07-05,0.32441562132172785
2024-07-08,0.31826371177331847
2024-07-09,0.3182951107811342
2024-07-10,0.32929691078613665
2024-07-11,0.3311678210939431
2024-07-12,0.32914737425195584
2024-07-15,0.32757384922172345
2024-07-16,0.32301986049888143
2024-07-17,0.32610993374933184
2024-07-18,0.32328379619802583
2024-07-19,0.32986150536744246
2024-07-22,0.3331033438433847
2024-07-23,0.3334958931889739
2024-07-24,0.33436105204873245
2024-07-25,0.3325602458444628
2024-07-26,0.3480174389811189
2024-07-29,0.3396888601920118
2024-07-30,0.3382722304061467
2024-07-31,0.34514696482233304
2024-08-01,0.32837612083145373
2024-08-02,0.30866649114072764
2024-08-05,0.3189858179610713
2024-08-06,0.31979338181189887
2024-08-07,0.30961889228777134
2024-08-08,0.31621932747281695
2024-08-09,0.3449035137708978
2024-08-12,0.3488601964889034
2024-08-13,0.34500500517211935
2024-08-14,0.3535337145798466
2024-08-15,0.3514909386809613
2024-08-16,0.33891216197677654
2024-08-19,0.3365847460968309
2024-08-20,0.33500805388988697
2024-08-21,0.3352673467883339
2024-08-22,0.3352615298878298
2024-08-23,0.32962792693892184
2024-08-26,0.3151459207792836
2024-08-27,0.3083398627467959
2024-08-28,0.2869199824042937
2024-08-29,0.2881728242199063
2024-08-30,0.27913924772062304
2024-09-02,0.2664533852017622
2024-09-03,0.2763417173205596
2024-09-04,0.2655367187558267
2024-09-05,0.27686739678034034
2024-09-06,0.28340392843826023
2024-09-09,0.28329568187386717
2024-09-10,0.23749234974660743
2024-09-11,0.2381739922271536
2024-09-12,0.2397856733742733
2024-09-13,0.24783062127487634
2024-09-17,0.2671715070917246
2024-09-18,0.23979037671123882
2024-09-19,0.23788988261841384
2024-09-20,0.23551393107999025
2024-09-23,0.20761349082216088
2024-09-24,0.2134416644324527
2024-09-25,0.23224278081585412
2024-09-26,0.23392282486216978
2024-09-27,0.23736184625696932
2024-09-30,0.23714841418090016
2024-10-02,0.23783080446412797
2024-10-03,0.24916847209767123
2024-10-04,0.24714467680016128
2024-10-07,0.250440921541521
2024-10-08,0.2512620959547075
2024-10-09,0.23819582661325772
2024-10-10,0.24602822480314995
2024-10-11,0.24725862883066796
2024-10-14,0.25540182581249865
2024-10-15,0.25991859004637946
2024-10-16,0.21600747407205398
2024-10-17,0.22254589218504545
2024-10-18,0.21735832633331995
2024-10-21,0.21979568548672984
2024-10-22,0.23216792415662493
2024-10-23,0.24334396745087644
2024-10-24,0.28656005682706664
2024-10-25,0.28724572164198287
2024-10-28,0.2825708364888538
2024-10-29,0.28400055297768156
2024-10-30,0.28244797541776856
2024-10-31,0.282589154919061
2024-11-01,0.28296902464237766
2024-11-04,0.27576666042138626
2024-11-05,0.2585046570615398
2024-11-06,0.28642074784607574
2024-11-07,0.2802256883820487
2024-11-08,0.280809814084093
2024-11-11,0.28048312995448565
2024-11-12,0.2824825445987722
2024-11-13,0.2863785420656237
2024-11-14,0.304223197788711
2024-11-15,0.30547712052660553
2024-11-18,0.30187010066052034
2024-11-19,0.30153254178993566
2024-11-20,0.29214800212169756
2024-11-21,0.29121265102995303
2024-11-22,0.31447018420539513
2024-11-25,0.3078169592730326
2024-11-26,0.3068398521840079
2024-11-27,0.30283603430732525
2024-11-28,0.3040840179433921
2024-11-29,0.3116700455989211
2024-12-02,0.316158101405391
2024-12-03,0.29695786812683433
2024-12-04,0.3021071161300982
2024-12-05,0.2987627219782837
2024-12-06,0.2971527828529784
2024-12-09,0.30990288666926313
2024-12-10,0.3033032515608358
2024-12-11,0.30563674275746766
2024-12-12,0.30755488640752804
2024-12-13,0.30737429301123403
2024-12-16,0.3100590270384515
2024-12-17,0.287579158923676
2024-12-18,0.2848248517586116
2024-12-19,0.27446370524323294
2024-12-20,0.28458641152070907
2024-12-23,0.2952057014223136
2024-12-24,0.3197976498647506
2024-12-27,0.31783295012803725
2024-12-30,0.3167573383952065
2024-12-31,0.31776784674852065
